Date,ITB,IYZ,XLY,XLP,IYT,PHO,DBA,DBB,VNQ,LQD
20/10/2015,27.200331,25.830816,73.274124,43.544014,137.995453,21.719141,20.83626,12.447261,65.777878,99.055351
21/10/2015,27.210087,25.539789,72.947662,43.552746,137.326965,21.504391,20.758329,12.244159,65.534554,99.547424
22/10/2015,27.102772,26.095385,73.908371,44.418045,139.38887,22.060795,20.660919,12.292516,66.110413,99.759529
23/10/2015,27.229597,26.395231,74.272125,44.348125,140.42453,22.129116,20.524544,12.282845,65.469635,99.39476
26/10/2015,27.083254,26.280584,74.794449,44.260712,140.132599,22.031504,20.641438,12.1958,65.453438,99.572884
27/10/2015,26.507639,25.919006,74.44001,44.321899,136.423141,21.846037,20.534286,12.205472,65.4291,99.598351
28/10/2015,26.87837,26.518703,75.148872,44.068436,136.507874,22.285307,20.631697,12.205472,65.485878,99.208084
29/10/2015,26.293003,26.245314,75.363419,44.085911,137.656494,22.216972,20.582989,12.012041,65.396667,98.512451
30/10/2015,26.527151,26.342319,75.52195,43.596455,137.534103,22.265778,20.729107,12.012041,64.796471,98.76693
02/11/2015,26.751541,26.809723,75.86705,43.858669,139.548904,22.55862,20.631697,11.983027,66.175278,98.3424
03/11/2015,26.819838,26.774452,76.156212,43.648895,138.833359,22.636717,20.67066,12.079742,65.510201,98.350899
04/11/2015,26.722275,26.598072,75.66188,43.465351,138.051926,22.617191,20.48558,12.012041,65.218246,98.240295
05/11/2015,26.595442,26.45697,75.932365,43.456619,138.550903,22.500048,20.339462,11.866969,65.477783,98.265831
06/11/2015,26.527151,26.45697,75.941681,42.984631,139.596008,22.402441,20.222569,11.895984,63.441978,97.627762
09/11/2015,26.107634,26.254129,74.897049,42.696213,139.228775,22.099836,19.862148,11.760582,62.355145,97.466064
10/11/2015,26.771055,26.077749,75.605919,42.80983,139.25705,21.875324,19.784218,11.673538,63.068886,97.712814
11/11/2015,27.0735,25.936647,75.158218,42.748653,138.626251,21.826515,19.988783,11.741239,63.14188,97.704292
12/11/2015,26.449102,25.716169,74.458672,42.171787,136.61145,21.221306,20.095934,11.55748,62.712029,97.670273
13/11/2015,26.156414,25.469238,72.499977,41.80471,135.773483,21.328686,19.88163,11.576823,61.998283,97.959549
16/11/2015,26.771055,25.848455,73.376717,42.5214,136.441971,21.523911,19.832926,11.383392,62.712029,97.976563
17/11/2015,26.751541,25.919006,73.516624,42.503929,136.4702,21.182261,19.852406,11.199633,62.712029,98.078667
18/11/2015,27.229597,26.262953,74.775795,43.089523,138.710983,21.572716,19.803701,11.131932,63.263565,98.104187
19/11/2015,27.288132,26.262953,74.869057,43.20314,140.151459,21.465343,20.056971,11.160947,63.458221,98.393417
20/11/2015,27.434481,26.174759,75.764496,42.897243,140.725784,21.621527,20.144642,11.083574,64.253059,98.376419
23/11/2015,27.56131,26.130663,76.044304,43.273067,139.398254,21.650808,20.203087,10.977188,64.390938,98.410454
24/11/2015,27.87351,26.245314,75.885735,43.386684,138.485031,21.641048,20.086195,11.257663,64.050293,98.444489
25/11/2015,28.13693,26.165939,76.268143,43.500317,138.52269,21.572716,20.183603,11.189961,64.309822,98.538048
27/11/2015,28.13693,26.262953,75.988327,43.666382,139.25705,21.689859,20.047228,11.12226,64.869469,98.572105
30/11/2015,27.86375,26.174759,75.344757,43.194401,137.355209,21.611763,19.979042,11.131932,64.390938,98.614655
01/12/2015,28.26376,26.359961,76.118904,43.561493,139.002853,21.836275,20.261534,11.277005,65.283112,99.356102
02/12/2015,27.785704,26.104212,75.45668,43.342983,136.074783,21.523911,20.066711,11.160947,63.952965,99.11718
03/12/2015,27.297888,25.795542,74.318764,43.115746,133.68338,21.338446,20.300499,11.112589,62.947247,97.803238
04/12/2015,27.87351,26.016018,75.75515,44.085911,134.718994,21.553198,20.407652,11.286677,64.147598,98.332222
07/12/2015,27.79546,25.901371,75.438019,44.208282,133.561005,21.289639,20.115417,11.083574,63.969173,98.502884
08/12/2015,27.239357,25.998377,75.214165,44.09465,129.823242,20.996798,19.959558,11.083574,63.912422,98.374931
09/12/2015,26.614958,25.575066,74.253479,43.675125,129.211273,21.113934,20.076452,11.141603,63.555527,98.349304
10/12/2015,26.81008,25.486877,74.50531,43.727566,130.020966,21.162743,20.095934,11.131932,63.101337,98.118935
11/12/2015,26.419832,24.71081,72.807762,43.246841,127.507126,20.830858,19.959558,11.247991,62.987797,98.289566
14/12/2015,26.107634,24.613798,73.180862,43.675125,126.970505,20.889418,19.891373,11.257663,63.27977,97.564354
15/12/2015,26.380808,24.860729,73.581909,43.954811,127.977875,21.084644,19.852406,11.015874,63.969173,97.572899
16/12/2015,27.014965,25.522152,74.81311,44.802612,130.265701,21.553198,19.696548,11.131932,65.218246,97.555824
17/12/2015,26.410074,25.187033,73.581909,44.225754,127.714249,21.152981,19.647842,10.967517,64.893806,97.666733
18/12/2015,25.873482,24.904821,72.425232,43.442139,124.61673,20.880833,19.871889,11.228647,64.139511,97.666733
21/12/2015,26.2052,25.134117,72.79052,43.935196,125.605331,20.851461,19.803701,11.335034,64.390938,97.734985
22/12/2015,26.517397,25.433964,73.324364,44.5075,127.516556,21.03746,19.813442,11.238318,64.650482,97.60701
23/12/2015,26.732031,25.989555,73.698997,44.833275,128.966461,21.44862,19.949818,11.431749,65.314964,97.692337
24/12/2015,26.808212,25.87388,73.502304,44.789257,129.157257,21.370304,19.949818,11.431749,65.314964,98.01062
28/12/2015,26.739849,25.847387,73.689621,44.727612,128.231567,21.213671,19.852406,11.238318,65.676842,97.890854
29/12/2015,26.896105,26.068155,74.541885,45.115028,129.138412,21.41925,19.959558,11.470436,66.375885,97.386002
30/12/2015,26.710548,25.723757,73.94249,44.956535,127.759262,21.340931,20.047228,11.605837,66.145584,97.386002
31/12/2015,26.466391,25.423517,73.202599,44.454674,127.268044,21.213671,20.076452,11.489779,65.569923,97.548576
04/01/2016,25.675331,24.849518,71.947609,43.891174,124.651474,20.978727,19.88163,11.209305,64.780418,97.497246
05/01/2016,25.743694,25.061455,71.853943,44.172932,124.80262,20.665464,19.754997,11.228647,66.030487,97.548576
06/01/2016,25.147951,24.849518,71.151497,44.023251,122.318253,20.313047,19.61862,11.131932,65.849533,97.933617
07/01/2016,24.10297,24.222546,69.690468,43.494965,118.549255,19.65716,19.540689,10.899816,64.566612,98.01062
08/01/2016,23.56583,24.010603,68.941193,43.160389,117.680206,19.431997,19.608879,10.967517,63.703072,98.087578
11/01/2016,23.702559,24.0371,69.484398,43.565414,117.245674,19.275368,19.316645,10.74507,64.064926,97.771057
12/01/2016,23.966244,23.886974,70.252388,43.803127,118.294228,19.275368,19.433538,10.638684,63.63728,97.993523
13/01/2016,23.253315,23.233509,67.882858,43.001911,113.977303,18.688004,19.482244,10.716056,62.724411,98.292976
14/01/2016,23.116589,23.66621,68.369888,43.204414,115.243095,19.157892,19.472504,10.861129,62.576366,97.805305
15/01/2016,22.921263,22.995083,66.965019,42.526459,113.353836,18.795685,19.45302,10.706385,62.148746,97.659805
19/01/2016,22.69664,22.968586,67.217888,43.037132,112.834328,18.492214,19.550432,10.812772,62.477703,97.22345
20/01/2016,22.442717,22.474068,66.627861,42.50005,112.324226,18.443266,19.277681,10.812772,60.800003,97.368927
21/01/2016,22.716171,22.544716,67.480148,42.667328,113.334969,18.521582,19.491987,10.870801,61.137196,97.086578
22/01/2016,23.360743,23.560244,68.660217,43.398121,114.780235,19.060001,19.608879,10.899816,62.839565,97.146439
25/01/2016,22.716171,23.44544,67.873512,43.010712,112.673744,18.590113,19.579657,10.880472,62.444817,97.043762
26/01/2016,23.399803,24.090084,68.866264,43.406921,115.356438,19.138315,19.608879,11.18029,63.752415,97.317581
27/01/2016,23.057987,23.966452,67.7892,43.3629,114.421272,19.040422,19.579657,11.325362,62.518822,97.052338
28/01/2016,23.087284,23.948792,68.660217,43.803127,113.486099,19.177475,19.511467,11.189961,62.04184,97.163551
29/01/2016,23.76115,24.540447,69.409462,44.692402,116.915054,19.901888,19.472504,11.325362,63.31654,97.668365
01/02/2016,23.556068,24.646414,69.830925,44.842087,117.982483,19.627785,19.560173,11.383392,63.423435,97.356865
02/02/2016,22.960323,24.081249,68.472908,44.269779,114.581879,19.060001,19.530949,11.344705,62.847778,97.537094
03/02/2016,22.911497,24.372665,68.294952,44.172932,115.800407,19.383055,19.608879,11.567151,63.267204,97.296799
04/02/2016,23.116589,24.593431,67.901588,43.767906,119.408867,19.598415,19.511467,11.654196,63.300117,97.339706
05/02/2016,22.452484,24.116579,65.710022,43.697472,117.651855,19.285158,19.404314,11.422078,62.0994,97.32254
08/02/2016,21.690723,23.330645,64.436272,43.583015,117.292892,18.90337,19.267941,11.586493,60.323013,97.828865
09/02/2016,21.788389,23.074554,64.333252,43.873569,118.473679,18.883793,19.199751,11.335034,59.212765,97.494194
10/02/2016,22.01301,23.13637,64.22084,43.820744,118.313103,18.776108,19.209494,11.354377,59.623966,97.614326
11/02/2016,21.348906,23.401289,64.183388,43.468559,116.593903,18.521582,19.12182,11.344705,58.77689,97.940392
12/02/2016,22.052069,23.789841,65.36348,44.084881,119.380493,18.90337,19.190012,11.431749,59.45126,97.391174
16/02/2016,22.598976,24.116579,66.946289,44.437065,122.176575,19.294943,19.345869,11.451093,60.545055,96.927803
17/02/2016,22.794304,24.575769,68.388596,44.894905,124.075249,19.74526,19.394573,11.470436,61.063187,96.902054
18/02/2016,22.657576,24.637585,67.939064,44.692402,123.480141,19.843155,19.345869,11.547807,61.679966,97.691551
19/02/2016,22.69664,24.399157,68.126373,44.76284,123.574638,19.715891,19.267941,11.741239,62.0336,97.622902
22/02/2016,23.155651,24.761213,69.446938,44.982952,126.002258,20.06831,19.423798,11.944341,62.625729,97.820259
23/02/2016,23.331442,24.884844,69.06295,44.974152,124.471985,19.755051,19.472504,11.721895,62.461266,98.017662
24/02/2016,23.546301,25.344042,69.465691,45.115028,123.744644,19.735472,19.52121,11.954012,62.387238,98.112038
25/02/2016,23.966244,25.529486,70.15876,45.625702,125.152115,19.843155,19.491987,11.731566,63.661953,98.661232
26/02/2016,24.05414,25.750254,70.083809,44.982952,125.718887,19.901888,19.45302,11.847626,63.333004,98.62693
29/02/2016,23.917412,26.129969,69.718544,44.833275,124.660912,20.06831,19.45302,11.905655,63.086296,98.69558
01/03/2016,24.571753,26.403719,71.563591,45.264709,127.343628,20.420731,19.404314,11.992698,64.86264,98.157684
02/03/2016,24.786608,26.792269,71.498062,45.396778,127.664787,20.733992,19.462763,12.176457,65.331429,98.355614
03/03/2016,25.099123,26.739285,71.919495,45.625702,129.04393,20.616518,19.608879,12.244159,65.676842,98.820381
04/03/2016,25.001459,26.659813,71.853943,45.819397,129.912979,20.841675,19.832926,12.311858,65.685059,98.803169
07/03/2016,25.118656,26.862915,71.544868,45.537647,130.432526,21.135359,19.823183,12.302188,65.857773,98.915047
08/03/2016,24.640112,26.668642,70.982918,45.669712,126.946838,20.929775,19.88163,12.012041,65.183411,99.440033
09/03/2016,24.845205,26.421381,71.123398,46.0131,127.730911,20.988518,19.901114,12.176457,65.545235,99.328148
10/03/2016,24.747543,26.333076,71.301346,46.030704,127.655365,20.792728,20.086195,12.031384,65.306755,99.741287
11/03/2016,25.421408,26.597992,72.397163,46.180382,130.498642,21.184305,20.281017,12.157114,66.770622,100.025307
14/03/2016,25.343277,26.606827,72.668755,46.153965,130.564774,21.027672,20.397911,12.050728,66.778854,100.317909
15/03/2016,25.147951,26.191784,72.650032,46.268436,129.771271,21.11578,20.378428,11.924997,66.81176,100.283508
16/03/2016,25.489773,26.430212,73.240044,46.374092,131.150421,21.086412,20.475838,12.050728,67.617699,100.765465
17/03/2016,25.870657,26.571501,73.343079,46.655834,135.117844,21.311565,20.602472,12.263502,68.571686,101.07531
18/03/2016,26.212471,26.721624,73.438072,46.594776,136.988144,21.291988,20.544027,12.273172,68.27562,101.307655
21/03/2016,25.909723,26.580332,73.475693,46.621326,137.063736,21.350725,20.50506,12.302188,67.659393,101.187172
22/03/2016,25.890182,26.553839,73.353447,46.346977,136.043533,21.331148,20.612213,12.263502,67.659393,100.997833
23/03/2016,25.532286,26.225906,72.836197,46.355827,135.095657,21.066832,20.436874,12.041056,67.29348,101.505615
24/03/2016,25.620293,26.39476,72.930252,46.302731,134.518036,21.145144,20.251793,11.934669,67.318428,101.462601
28/03/2016,25.825647,26.50141,73.259407,46.550518,133.353348,21.184305,20.339462,11.963684,67.925514,101.522842
29/03/2016,26.490601,27.176826,74.002335,46.895668,134.90625,21.634617,20.388168,11.915326,69.397453,101.978966
30/03/2016,26.265688,27.29236,74.472542,47.205421,135.161972,21.556301,20.154383,11.905655,69.264404,101.85849
31/03/2016,26.48082,27.310133,74.387894,46.957619,134.849457,21.497568,20.066711,12.012041,69.688499,102.263023
01/04/2016,26.490601,27.683393,74.698242,47.453213,133.883667,21.703144,19.959558,12.147444,69.597046,102.592697
04/04/2016,26.050558,27.834475,74.115166,47.470921,132.643188,21.458408,19.745256,12.0604,69.497223,102.601326
05/04/2016,26.011444,27.523422,73.485085,47.152317,131.885605,21.252834,19.638102,11.954012,69.039856,102.929306
06/04/2016,26.539495,27.612301,74.181007,47.524025,131.55423,21.340931,19.657583,11.886312,69.206184,102.842957
07/04/2016,26.412369,27.23904,73.344017,47.010719,129.859268,21.164722,19.540689,11.62518,68.773727,103.119179
08/04/2016,26.519936,27.301245,73.231186,47.267361,131.289078,21.340931,19.764738,11.702553,69.156288,102.886124
11/04/2016,26.519936,27.159054,72.958458,46.931068,130.673615,21.331148,19.61862,11.644523,69.014908,102.877502
12/04/2016,26.686172,27.319021,73.513306,47.223122,131.62999,21.536722,19.725773,12.031384,69.513863,102.471848
13/04/2016,27.243563,27.407894,74.547775,46.860279,135.076752,21.869564,19.803701,12.18613,69.206184,102.825706
14/04/2016,27.145775,27.487879,74.547775,46.647881,135.464996,21.90872,19.793959,12.166786,68.823639,102.756676
15/04/2016,27.204449,27.647846,74.754669,46.939926,135.351318,21.977249,20.008266,12.176457,69.339241,103.188171
18/04/2016,27.233786,27.807816,75.459991,47.205421,135.815292,22.133881,20.125158,12.25383,69.671867,103.300407
19/04/2016,27.047987,28.06554,75.046204,47.178875,137.529251,22.339457,20.378428,12.485947,69.705139,103.490288
20/04/2016,27.194668,28.06554,75.140244,46.647881,137.680725,22.290506,20.621956,12.602004,68.524277,103.20549
21/04/2016,27.087103,27.612301,74.876923,45.815979,135.957367,22.329668,20.436874,12.543977,67.301796,103.162308
22/04/2016,27.018652,28.021105,74.726456,45.984127,137.264114,22.574402,20.018005,12.650363,68.033615,103.27449
25/04/2016,26.862188,27.87891,74.811111,46.302731,135.606979,22.417772,20.281017,12.51496,68.599113,103.03286
26/04/2016,27.077324,27.914457,74.989777,46.116879,137.12207,22.740822,20.514803,12.553647,68.865227,102.989662
27/04/2016,27.184889,28.145525,74.914558,46.338127,137.406113,22.907242,20.368687,12.534304,68.823639,103.645622
28/04/2016,26.197239,27.905573,74.105797,46.382381,135.247162,22.613564,20.329721,12.602004,68.682281,103.740562
29/04/2016,26.001667,27.736713,74.481926,46.285027,133.580627,22.476507,20.534286,12.805106,68.050262,103.85276
02/05/2016,26.314579,28.216621,75.525818,46.816021,134.574875,22.789768,20.553768,12.718062,69.106384,103.718605
03/05/2016,25.845201,27.87891,74.82991,46.727531,132.889343,22.447142,20.339462,12.466604,69.214485,103.900368
04/05/2016,25.747412,27.87891,74.491356,46.869114,131.72467,22.349247,20.427134,12.389232,70.204109,103.727295
05/05/2016,25.659407,27.28347,74.011734,46.877975,130.219086,22.133881,20.232311,12.205472,70.403694,103.934952
06/05/2016,25.776752,27.159054,74.557175,47.116917,131.336411,22.349247,20.339462,12.25383,71.177078,103.709984
09/05/2016,25.903877,27.150167,74.764076,47.373569,131.383774,22.202404,20.329721,11.983027,71.958786,103.606133
10/05/2016,26.060337,27.505651,75.723312,47.842613,133.097687,22.476507,20.641438,12.00237,71.950478,103.779205
11/05/2016,25.776752,27.416782,74.199821,47.462067,130.881897,22.388399,20.729107,12.128099,70.412018,103.891693
12/05/2016,25.737637,27.23015,74.340881,47.718716,129.054367,22.39819,20.81678,12.021713,70.819511,103.675346
13/05/2016,25.639849,27.132395,73.456886,47.116917,127.416229,22.270931,20.719366,12.021713,70.187485,103.865746
16/05/2016,25.854984,27.399006,73.917686,47.417812,128.486237,22.525454,20.846003,12.089414,70.85276,103.519562
17/05/2016,25.806089,26.954649,73.080711,46.488579,129.243744,22.231773,20.914188,12.050728,69.538826,103.484993
18/05/2016,25.727858,27.28347,72.657516,45.94873,129.688828,22.202404,20.81678,11.963684,68.449417,102.602226
19/05/2016,25.630068,27.061296,72.591698,46.400078,128.827148,22.094719,20.50506,11.944341,67.684341,102.844551
20/05/2016,26.070112,27.354572,73.071312,46.161125,130.484207,22.251354,20.573252,11.934669,68.224876,102.91378
23/05/2016,25.884314,27.23904,72.817368,46.205379,129.972885,22.202404,20.329721,11.866969,68.233215,102.91378
24/05/2016,26.871969,27.505651,73.691971,46.594776,130.53157,22.496086,20.290758,11.87664,69.081444,102.740723
25/05/2016,26.813303,27.621185,74.096375,46.665581,131.601563,22.574402,20.524544,11.895984,69.081444,102.922447
26/05/2016,26.852409,27.763376,74.246834,46.851418,131.326965,22.564613,20.748589,12.012041,69.214485,103.216675
27/05/2016,27.008873,27.905573,74.594803,46.904522,132.226532,22.642927,20.855742,12.128099,69.588722,103.138771
31/05/2016,26.979538,28.083315,74.519562,46.603626,132.491653,22.740822,20.758329,12.089414,69.580406,103.320541
01/06/2016,27.087103,27.763376,74.472542,47.081524,132.28334,22.868086,20.904448,12.263502,69.638611,103.393448
02/06/2016,26.999094,28.074427,74.886322,47.099224,132.084488,22.926823,21.167458,12.1958,69.996201,103.60173
03/06/2016,26.901308,27.532314,74.397293,47.40012,131.611023,22.897451,21.498657,12.32153,70.278946,104.434845
06/06/2016,26.911087,27.647846,74.585381,47.453213,132.359116,23.083456,21.751926,12.398902,69.738411,104.183182
07/06/2016,27.351128,28.056656,74.679443,47.40012,133.836273,23.269451,21.86882,12.273172,70.162537,104.339386
08/06/2016,27.634714,28.154411,74.764076,47.683311,134.593826,23.45545,22.365616,12.534304,70.611603,104.686485
09/06/2016,27.507587,27.994442,74.594803,47.869167,134.338135,23.386919,22.219498,12.437589,70.7696,104.83403
10/06/2016,27.008873,27.727831,73.814247,47.904568,132.245468,22.946398,22.200018,12.447261,70.436958,104.955544
13/06/2016,26.500376,27.621185,73.409859,47.506306,130.692535,22.603773,22.092865,12.524632,70.453606,104.799316
14/06/2016,26.265688,27.887794,73.221771,47.692165,128.77034,22.672297,22.112349,12.37956,70.270622,104.565025
15/06/2016,26.422153,27.967783,73.42868,47.55056,129.149063,22.613564,22.073381,12.495618,70.935921,104.955544
16/06/2016,26.422153,28.305496,73.66378,47.798359,128.599884,22.691875,21.966228,12.37956,71.335083,105.111732
17/06/2016,26.656841,28.28772,73.547684,47.605171,129.366867,22.666407,22.180536,12.32153,71.218681,104.799316
20/06/2016,26.911087,28.669865,74.208321,47.756519,130.825104,22.950472,21.927267,12.543977,71.318459,104.669128
21/06/2016,26.801455,28.87426,74.038429,47.881161,130.421265,22.881907,21.60581,12.63102,71.590317,104.573685
22/06/2016,26.693783,28.767155,73.934631,47.907879,129.585144,22.862316,21.459692,12.640691,71.481239,104.764618
23/06/2016,27.075535,29.409796,74.661331,48.201675,130.791855,23.195354,21.52788,12.718062,71.842041,104.660469
24/06/2016,26.21413,28.436911,71.88665,47.275745,124.634689,22.499889,21.070047,12.534304,71.20433,105.155144
27/06/2016,25.489771,27.874598,70.565376,47.177811,120.814995,22.127659,21.216166,12.466604,71.254692,105.59774
28/06/2016,26.057514,28.445835,71.971603,47.471615,123.465996,22.372547,21.430468,12.805106,72.756645,106.179169
29/06/2016,26.605677,29.150959,73.132423,48.023609,126.231033,22.676203,21.615551,12.872808,73.637688,106.144463
30/06/2016,27.065744,29.722189,73.670387,49.100899,127.456741,23.156172,21.498657,12.979195,74.40123,106.517632
01/07/2016,27.281097,29.740044,74.434853,48.869411,128.720474,23.165968,21.410986,13.13394,74.426407,107.075432
05/07/2016,27.065744,29.543674,73.830833,49.145405,127.000641,23.028835,21.274611,12.959851,75.248711,107.44091
06/07/2016,27.584545,29.686489,74.463127,49.18993,126.991112,23.087603,21.031082,12.911494,74.921486,107.632309
07/07/2016,27.750959,29.597231,74.784027,49.091991,127.580246,23.019039,20.631697,12.76642,74.149521,107.64975
08/07/2016,28.524261,30.204172,76.086418,49.581661,130.858383,23.47942,20.875225,12.921165,75.349396,108.250168
11/07/2016,28.62215,30.516571,76.529991,49.590569,131.45697,23.587172,20.962896,12.921165,75.852844,107.971695
12/07/2016,28.661303,30.721859,76.832008,49.323475,134.393036,23.685122,20.982378,13.230655,75.84446,107.362587
13/07/2016,28.612366,30.882521,76.454498,49.599468,135.267197,23.69492,21.118752,13.240326,76.263985,107.780273
14/07/2016,28.543839,30.891438,76.765915,49.590569,136.749451,23.753689,21.216166,13.308026,75.584343,107.519196
15/07/2016,28.553629,30.927149,76.426186,49.590569,136.217377,23.753689,20.787556,13.279012,75.60952,107.110184
18/07/2016,28.680885,30.695076,76.718727,49.537144,136.036819,23.685122,20.953154,13.279012,75.810898,107.110184
19/07/2016,28.592781,30.409462,76.577164,49.50153,135.87532,23.675325,20.514803,13.337042,76.180092,107.301666
20/07/2016,28.827715,30.329128,76.898071,49.323475,135.83728,23.773283,20.271275,13.240326,76.188484,107.266846
21/07/2016,28.739616,29.873928,76.690445,49.181019,133.984436,23.616558,20.193344,13.249997,76.339531,107.38868
22/07/2016,28.817921,30.659378,77.011314,49.41251,135.799301,23.832054,20.193344,13.230655,77.01078,107.327782
25/07/2016,28.866871,30.820034,77.134018,49.359081,134.535553,23.616558,20.261534,13.220983,76.868134,107.266846
26/07/2016,29.082218,30.757559,77.039612,48.97625,135.989319,23.881025,20.183603,13.114596,76.49054,107.162453
27/07/2016,28.925598,30.677229,76.803673,48.246185,134.117477,23.861441,20.105675,12.921165,75.894791,107.606224
28/07/2016,28.954966,30.409462,76.945251,48.459869,134.107971,23.910416,19.930334,13.13394,76.599625,107.501816
29/07/2016,28.338278,30.766487,77.03019,48.700253,133.756393,23.949598,20.056971,13.279012,77.57296,107.893394
01/08/2016,28.406797,30.596899,77.152878,48.75367,133.205292,23.832054,20.008266,13.220983,77.740761,107.285286
02/08/2016,27.995672,30.016745,76.00148,48.682442,130.421265,23.636145,19.940075,13.259669,76.498947,106.683296
03/08/2016,28.18166,30.070288,76.218567,48.415363,131.53299,23.616558,20.027748,13.308026,76.054214,106.822876
04/08/2016,28.044619,30.025661,76.180794,48.522186,131.742004,23.724302,20.115417,13.182297,75.743767,107.27655
05/08/2016,28.328489,29.811451,76.983002,48.602325,134.317017,23.890821,20.378428,13.259669,75.794113,106.840347
08/08/2016,28.211025,29.695417,76.72818,48.548897,134.269485,23.851641,20.388168,13.269341,75.928368,106.910141
09/08/2016,28.230604,29.731117,76.501686,48.700253,133.737396,23.881025,20.300499,13.21131,76.339531,107.538284
10/08/2016,28.132713,29.507982,76.662125,48.878319,133.195786,23.920212,20.173864,13.269341,76.255592,107.843666
11/08/2016,28.269758,29.356247,77.426567,48.878319,133.936951,24.096529,20.086195,13.308026,75.391342,107.485939
12/08/2016,28.113136,29.097403,77.388832,49.047466,133.338333,24.008366,20.164124,13.124268,75.710205,107.974533
15/08/2016,28.387224,29.08848,77.539848,48.922825,134.107971,24.135704,20.339462,13.279012,75.634682,107.643005
16/08/2016,28.259968,28.651121,77.09626,48.70916,134.126984,23.910416,20.339462,13.346713,74.728477,107.451096
17/08/2016,27.976095,28.490465,76.916939,48.842697,134.621033,23.959393,20.261534,13.366055,75.030548,107.747658
18/08/2016,28.034822,28.642197,76.869743,49.011868,135.400177,24.057348,20.397911,13.39507,74.753654,108.009422
19/08/2016,28.005461,28.365499,76.916939,48.896114,135.438217,24.116119,20.319981,13.366055,74.27536,107.6866
22/08/2016,28.132713,28.356577,76.841446,48.967346,134.849091,24.135704,20.427134,13.279012,74.678146,108.053024
23/08/2016,28.866871,28.445835,77.228386,48.869411,135.324188,24.174887,20.446613,13.288683,74.720085,108.175194
24/08/2016,28.524261,28.427984,76.860313,48.789284,135.181686,23.998575,20.203087,13.104924,74.392868,108.1054
25/08/2016,28.573208,28.570789,76.605499,48.602325,134.326508,24.008366,20.125158,13.143611,74.728477,108.000702
26/08/2016,28.269758,28.427984,76.388428,48.353027,133.632874,23.949598,19.998526,13.201639,73.990089,107.660454
29/08/2016,28.406797,28.785007,76.652672,48.637936,134.326508,24.116119,19.852406,13.191968,74.720085,108.271141
30/08/2016,28.543839,28.749304,76.227982,48.353027,135.172165,23.978981,19.813442,13.114596,74.577438,108.131561
31/08/2016,28.426378,28.749304,76.0298,48.415363,134.573578,23.871237,19.706289,13.095253,74.652969,108.087944
01/09/2016,28.28933,28.535091,76.180794,48.433163,135.343201,23.861441,19.706289,13.182297,74.468353,108.087936
02/09/2016,28.357855,28.88319,76.331787,48.807087,135.87532,24.174887,19.774477,13.162953,75.114471,107.8955
06/09/2016,28.328489,28.936735,76.473351,48.913929,135.951309,24.145502,19.754997,13.046895,75.69342,108.271652
07/09/2016,28.543839,29.177729,76.511124,48.486568,137.823181,24.096529,19.969299,13.075911,76.14653,108.122917
08/09/2016,28.269758,29.168806,75.85051,48.219479,138.260208,24.047546,19.949818,13.066238,75.215126,107.361916
09/09/2016,27.163635,28.204844,74.019562,46.910709,133.85141,23.136587,19.813442,12.930838,72.236404,106.557205
12/09/2016,27.476871,29.150959,75.057716,47.792122,135.7043,23.410849,19.832926,12.901822,73.092285,106.565926
13/09/2016,26.918915,28.41906,73.991257,47.204529,133.053284,23.028835,19.569914,12.776093,71.257187,106.216042
14/09/2016,26.918915,28.41906,74.000702,47.062069,132.825226,23.019039,19.530949,13.037224,71.485313,106.286034
15/09/2016,27.065744,28.802858,74.538643,47.444908,133.56633,23.273718,19.599138,12.901822,71.755669,106.355988
16/09/2016,26.693783,28.722523,74.377602,47.290821,133.015228,23.230572,19.803701,12.882479,71.789467,106.478516
19/09/2016,26.938496,28.740377,74.32074,47.192287,133.471359,23.416885,19.910852,12.969522,72.440033,106.443474
20/09/2016,26.576313,28.410131,74.377602,47.317707,133.499847,23.377663,20.086195,13.056567,72.3302,106.583435
21/09/2016,26.821032,28.597569,75.097595,47.577492,135.865784,23.789515,20.105675,13.056567,73.259567,107.125778
22/09/2016,27.144054,29.159874,75.647064,47.998535,136.416901,24.15234,20.027748,13.21131,74.56913,107.563103
23/09/2016,27.036381,29.204508,75.476517,47.783527,136.008316,23.936607,19.940075,13.230655,74.797241,107.48439
26/09/2016,26.894318,29.023844,74.642868,47.380405,135.565323,23.789515,19.88163,13.288683,74.97467,107.650574
27/09/2016,26.992292,29.131697,75.400742,47.577492,136.67041,23.936607,19.823183,13.298355,74.180489,107.912979
28/09/2016,27.168652,29.365396,75.609161,47.658115,137.070541,24.15234,19.813442,13.472443,74.788788,107.982979
29/09/2016,26.855127,29.140684,75.220757,47.192287,136.7276,23.946419,19.628361,13.491785,73.791824,107.939209
30/09/2016,26.992292,28.96092,75.827072,47.667068,138.366196,24.132732,19.462763,13.588501,73.284912,107.746803
03/10/2016,26.845329,28.942942,75.779701,47.362492,138.718674,24.073889,19.482244,13.665874,71.916199,107.441582
04/10/2016,26.68857,28.718231,75.514435,46.959366,138.318558,23.779709,19.608879,13.520801,70.936142,106.941719
05/10/2016,26.874722,28.547449,75.827072,46.914581,139.261703,23.858158,19.647842,13.443428,69.499832,106.827682
06/10/2016,27.119659,28.448574,75.883888,47.004158,139.099701,23.838549,19.52121,13.414412,69.5252,106.836487
07/10/2016,26.668974,28.331728,75.542854,46.878742,137.889847,23.563976,19.530949,13.404741,69.406914,107.090797
10/10/2016,26.796341,28.637339,75.666023,46.878742,139.376022,23.632622,19.482244,13.491785,69.837814,107.090797
11/10/2016,26.443628,28.403633,74.747063,46.636871,138.432861,23.279602,19.501726,13.269341,69.161896,106.757584
12/10/2016,26.541603,28.430599,75.097595,46.896656,137.918427,23.416885,19.423798,13.279012,69.956085,106.89785
13/10/2016,26.208488,28.313747,74.822861,46.905617,137.975571,23.299213,19.560173,13.191968,70.505249,107.160965
14/10/2016,26.218287,28.322735,74.737579,46.914581,137.670746,23.230572,19.657583,13.143611,70.192657,106.661072
17/10/2016,26.208488,28.25083,74.121803,46.690613,137.194397,23.250183,19.754997,13.172626,70.344727,107.011871
18/10/2016,26.365248,28.457565,74.614441,46.833958,137.146774,23.358051,19.745256,13.13394,70.792511,107.274956
19/10/2016,26.42403,28.610371,74.946014,46.565205,138.137543,23.426691,19.735514,13.172626,70.944595,107.415276
20/10/2016,26.071325,28.24184,74.803909,46.538338,137.575439,23.397278,19.686806,13.037224,70.784058,107.380211
21/10/2016,26.002743,28.151955,75.400742,46.789165,137.442093,23.34824,19.754997,13.008208,70.522148,107.441582
24/10/2016,26.169296,28.52947,75.94075,47.093742,137.927933,23.514946,19.920595,13.172626,70.682686,107.134666
25/10/2016,25.414885,28.313747,75.050217,47.26395,137.280151,23.142317,20.047228,13.414412,70.555946,107.05571
26/10/2016,25.3463,28.12499,74.728119,47.201233,136.375122,22.995228,20.086195,13.404741,69.635025,106.608429
27/10/2016,24.87602,28.592392,74.102875,46.986244,137.24202,22.985422,20.164124,13.520801,67.810066,106.126099
28/10/2016,25.150352,28.367685,73.932327,47.183319,137.213455,22.975609,20.095934,13.685216,67.970612,106.003311
31/10/2016,25.258123,28.223866,73.989182,47.299789,137.994659,23.161932,19.988783,13.927005,69.0774,106.099785
01/11/2016,24.964197,27.603657,73.468132,47.093742,137.108643,22.808912,19.813442,13.927005,67.573509,105.966141
02/11/2016,24.807436,26.632896,73.022873,46.97728,137.537354,22.622595,19.930334,13.762589,66.585007,106.124443
03/11/2016,24.689865,26.381222,72.833382,46.654789,138.128006,22.475506,19.891373,13.975362,66.069626,105.913368
04/11/2016,25.022982,26.659864,72.691284,46.233746,138.490005,22.475506,19.891373,13.888318,66.59346,106.229919
07/11/2016,25.405088,26.893566,74.368111,47.013119,142.81517,22.916779,19.862148,14.072078,67.759392,106.159584
08/11/2016,25.209135,27.325014,74.671272,47.210201,142.653183,23.152126,19.901114,14.207479,68.11425,105.922157
09/11/2016,25.385489,27.918253,74.822861,46.565205,143.939346,23.583588,19.813442,14.46861,67.083488,104.365776
10/11/2016,25.885168,27.289063,75.097595,45.32,146.702087,23.858158,19.686806,14.662041,65.959801,104.277863
11/11/2016,25.992943,27.58568,75.523895,45.275215,147.054581,23.877771,19.657583,14.478282,66.356888,103.829391
14/11/2016,26.355452,27.639612,75.533386,45.194584,150.312698,23.946419,19.540689,14.729741,67.928375,103.293007
15/11/2016,26.414236,27.783426,75.827072,45.47229,151.255859,24.122923,19.530949,14.720071,67.362305,103.609581
16/11/2016,26.228086,27.864323,76.243927,45.481255,149.998337,24.181759,19.550432,14.352552,67.167984,103.759048
17/11/2016,26.786543,27.918253,77.162842,45.400623,150.798538,24.171953,19.608879,14.400909,66.483627,103.099579
18/11/2016,26.894318,28.133978,76.926003,45.239376,151.998947,24.073889,19.638102,14.429924,66.677948,102.519241
21/11/2016,27.031485,28.556437,77.428116,45.543957,152.627716,24.279825,19.813442,14.59434,66.475174,102.624741
22/11/2016,27.060879,28.933952,78.347061,45.776875,152.770599,24.564194,19.784218,14.797443,67.641106,102.888535
23/11/2016,27.227436,29.032831,78.422836,45.526043,154.475861,24.475945,19.754997,15.155289,67.353836,102.510414
25/11/2016,27.442982,29.284506,78.612312,45.884369,155.04747,24.632835,19.774477,15.580836,67.7425,102.519241
28/11/2016,27.158848,29.338438,77.987061,45.982922,153.923325,24.515167,19.725773,15.319705,68.055107,102.985229
29/11/2016,27.364605,29.293499,78.19545,46.045628,153.523224,24.475945,19.482244,15.000546,68.705666,103.125931
30/11/2016,26.815939,28.718231,77.541794,45.311047,154.237671,24.32885,19.423798,15.068245,67.919907,102.739014
01/12/2016,26.463221,28.646324,77.579689,45.015419,155.095123,24.319044,19.209494,15.145617,66.922958,102.1633
02/12/2016,26.492619,28.817106,77.153374,45.302082,155.285645,24.289627,19.170528,14.952187,67.590416,102.630592
05/12/2016,26.845329,29.176643,77.996513,45.355835,155.74292,24.456331,19.258198,15.300362,68.088905,102.850998
06/12/2016,27.296022,29.392363,78.176521,45.4902,156.943314,24.574007,19.394573,15.300362,68.528221,102.842201
07/12/2016,27.972046,30.228302,79.692299,46.144161,160.849258,24.760319,19.443279,15.09726,69.896942,103.274254
08/12/2016,28.491316,30.381098,79.692299,45.956043,161.763824,24.887796,19.306904,15.000546,70.378525,102.850998
09/12/2016,28.226786,30.390093,79.872292,46.618958,161.563751,24.936829,19.28742,15.135945,70.302475,102.454239
12/12/2016,28.177795,29.913702,79.209152,46.807079,159.934677,24.868185,19.579657,15.087588,70.767166,102.357254
13/12/2016,28.187593,30.210325,79.919685,47.022087,160.353897,24.917217,19.599138,15.019888,70.733368,102.586525
14/12/2016,27.580149,30.084482,79.379692,46.511452,158.143677,24.564194,19.550432,15.174631,69.187233,101.934044
15/12/2016,27.21764,30.273241,79.190193,46.708538,159.010605,24.593615,19.491987,15.174631,68.781685,102.004585
16/12/2016,27.423386,30.461994,78.801407,46.975685,157.600647,24.540503,19.61862,14.8458,69.812439,101.925224
19/12/2016,27.521366,31.073219,79.011055,47.065933,158.391373,24.560173,19.696548,14.516969,70.564384,102.418983
20/12/2016,27.560549,31.270966,79.640007,46.975685,159.953751,24.668365,19.491987,14.642698,70.724907,102.357254
21/12/2016,27.738085,31.037565,79.601883,46.96666,158.494888,24.491322,19.52121,14.59434,69.651932,102.683517
22/12/2016,27.335939,31.435602,78.744209,46.894455,157.377853,24.373293,19.316645,14.633027,69.535477,102.690552
23/12/2016,27.27709,31.688896,78.572685,46.984707,157.759766,24.471647,19.238716,14.46861,69.716614,102.849701
27/12/2016,27.522299,31.725077,78.877625,46.975685,157.931595,24.550335,19.433538,14.633027,69.863258,102.664032
28/12/2016,27.218239,31.381327,78.33445,46.686874,156.165375,24.235586,19.423798,14.507297,69.440582,103.044228
29/12/2016,27.198626,31.408463,78.229607,46.903477,156.050812,24.265097,19.433538,14.265508,70.303207,103.442085
30/12/2016,26.953413,31.209452,77.572052,46.668823,155.468399,24.186411,19.45302,14.429924,71.191689,103.601227
03/01/2017,27.149582,32.593521,78.029488,46.840305,155.076965,24.383127,19.443279,14.304194,71.424599,103.689621
04/01/2017,27.698853,33.054878,79.06823,46.840305,156.509079,24.629025,19.793959,14.623355,72.468353,104.043289
05/01/2017,27.649811,32.720173,79.011055,46.993729,155.583008,24.501162,19.891373,14.584668,72.701263,104.600288
06/01/2017,27.208429,32.304035,79.401772,47.038849,156.346741,24.461813,19.813442,14.671712,72.709885,104.052071
09/01/2017,27.090733,31.969334,79.335068,46.659805,155.067398,24.245424,19.852406,14.768428,72.054298,104.255478
10/01/2017,27.296707,32.213585,79.620964,46.42514,156.155807,24.314274,20.047228,15.029559,71.441841,104.193581
11/01/2017,27.463448,32.114071,79.79248,46.5154,157.922058,24.570007,19.940075,15.010217,71.001907,104.352715
12/01/2017,27.434021,31.887918,79.716248,46.470276,157.139175,24.461813,20.105675,15.368063,71.364212,104.34388
13/01/2017,27.522299,32.168354,80.011658,46.497341,158.074814,24.609352,20.193344,15.571165,71.260696,104.131706
17/01/2017,27.404598,32.150257,80.145088,47.156181,156.36586,24.422468,20.349203,15.213318,71.812782,104.582588
18/01/2017,27.41441,31.833643,80.002136,47.31863,156.976868,24.501162,20.329721,15.377733,71.93354,103.892975
19/01/2017,27.100533,31.788403,79.754372,47.147156,157.549698,24.392963,20.212828,15.339047,71.200317,103.539345
20/01/2017,27.257475,31.815544,79.983093,47.454018,158.666748,24.471647,20.290758,15.40675,71.71788,103.724998
23/01/2017,27.375174,31.933142,80.04026,47.435966,157.158264,24.491322,20.329721,15.561493,72.321716,104.202423
24/01/2017,28.473711,31.697939,80.697807,47.751842,159.650162,24.766726,20.242052,15.783938,72.338982,103.892975
25/01/2017,29.081827,31.75222,81.193344,47.742809,161.979691,25.199505,20.31024,15.667881,71.864525,103.495132
26/01/2017,29.150488,32.03265,81.317261,47.535229,162.810272,25.091309,20.076452,15.435763,71.726509,103.618896
27/01/2017,28.777769,32.331173,81.059944,47.27351,162.342484,25.0618,20.037489,15.484121,71.027802,103.742668
30/01/2017,28.640455,32.050751,80.964653,47.237404,160.175232,24.776564,19.813442,15.484121,70.544731,103.565857
31/01/2017,28.365816,32.105026,80.840775,47.463032,157.912491,24.914268,19.871889,15.783938,71.05368,103.751518
01/02/2017,28.33639,31.191357,80.688286,47.093006,157.549698,24.884758,20.066711,15.72591,70.199684,103.623871
02/02/2017,28.346203,30.974247,80.621559,47.526215,156.432678,24.786398,20.027748,15.696895,71.036423,103.650459
03/02/2017,28.542372,31.254679,80.516739,47.833065,158.809998,25.0618,20.037489,15.474449,71.424599,103.765701
06/02/2017,28.32658,30.711914,80.278503,47.571331,158.704941,24.884758,19.998526,15.532478,71.303833,104.093689
07/02/2017,28.306973,30.485748,80.202255,47.959415,158.408997,24.894592,20.018005,15.551822,71.05368,104.270996
08/02/2017,28.444286,30.558125,80.697807,48.157974,158.914993,24.855246,19.988783,15.735581,71.614365,104.634453
09/02/2017,28.581604,30.757139,81.202881,48.356518,160.557129,25.081474,20.037489,15.67755,71.786896,104.217827
10/02/2017,29.081827,31.001389,81.698448,48.392616,161.578705,25.317535,20.037489,16.103098,72.29583,104.191238
13/02/2017,29.032789,30.947105,81.793732,48.392616,162.924835,25.356878,19.940075,16.054743,72.321716,104.146896
14/02/2017,28.846432,30.983292,82.260689,48.401642,162.380707,25.229012,20.008266,16.035398,71.942177,103.898674
15/02/2017,29.170105,30.766178,82.689522,48.843876,164.366516,25.396221,20.125158,16.093428,71.700638,103.818901
16/02/2017,29.013174,30.766178,82.270218,48.907047,163.087143,25.337208,20.066711,16.016054,72.123329,104.111443
17/02/2017,28.983749,30.974247,82.537041,49.150723,163.421326,25.347044,20.056971,15.832296,72.26133,104.377388
21/02/2017,29.346655,31.182312,83.013542,49.592945,164.032364,25.573267,20.105675,15.987041,73.184341,104.421707
22/02/2017,29.454548,31.281824,83.013542,49.601986,162.581161,25.612612,20.056971,15.996713,72.942787,104.501503
23/02/2017,29.336845,31.028526,82.451271,49.719307,160.671722,25.504419,19.949818,15.571165,73.32235,104.767456
24/02/2017,29.493786,30.621445,82.832466,49.890789,162.199265,25.612612,19.764738,15.822625,73.667412,105.29937
27/02/2017,30.01363,30.80237,82.927773,49.665157,163.134888,25.789658,19.599138,15.79361,74.05558,105.051163
28/02/2017,29.88612,30.087715,82.308342,49.72834,162.15152,25.54376,19.677067,15.909669,73.546623,105.12207
01/03/2017,30.66098,30.404335,83.232727,49.962986,165.158951,25.947033,19.940075,16.093428,73.32235,104.500702
02/03/2017,30.523661,30.015348,83.032593,49.953964,162.562088,25.661795,19.793959,15.745253,72.925537,104.340668
03/03/2017,30.602133,29.915834,82.908691,49.764435,163.440414,25.651957,19.793959,15.783938,72.640884,104.44738
06/03/2017,30.464809,29.572079,82.641876,49.547832,162.199265,25.504419,19.754997,15.54215,72.313095,104.260689
07/03/2017,30.62174,29.183092,82.375053,49.484661,160.33757,25.474913,19.569914,15.397078,71.96804,103.745132
08/03/2017,31.004272,29.020264,82.718124,49.376362,159.631042,25.297863,19.530949,15.329377,70.63961,103.425133
09/03/2017,30.83753,29.14691,82.641876,49.457584,158.609512,25.130651,19.423798,15.290691,69.578606,102.865097
10/03/2017,31.298523,29.291651,82.765762,49.683212,160.022491,25.396221,19.462763,15.41642,69.362938,103.122879
13/03/2017,31.112162,29.535898,82.984947,49.719307,159.34462,25.51425,19.530949,15.54215,69.535477,102.776207
14/03/2017,30.935616,29.264505,82.965889,49.574913,157.100998,25.238844,19.491987,15.513137,69.518211,102.865097
15/03/2017,31.31814,29.689688,83.404251,49.944939,158.981842,25.701132,19.560173,15.754924,70.924294,103.754028
16/03/2017,31.896828,29.852518,83.39473,50.017136,158.265793,25.51425,19.647842,15.832296,70.78627,103.602898
17/03/2017,31.739901,30.060577,83.500832,49.881058,157.549698,25.671625,19.628361,15.987041,71.114067,103.842896
20/03/2017,31.602585,30.096762,83.300102,49.980843,156.795486,25.504419,19.638102,15.899998,71.05368,104.082893
21/03/2017,31.063124,29.762051,82.248688,49.93549,153.797653,25.238844,19.599138,15.716238,70.743134,104.340668
22/03/2017,30.955231,29.192142,82.344261,49.83569,154.781006,25.268356,19.608879,15.899998,70.704041,104.607376
23/03/2017,31.102354,29.174051,82.535454,49.72681,153.921768,25.278196,19.628361,15.870981,71.225388,104.53627
24/03/2017,31.11512,29.275316,82.736153,49.627018,153.871948,25.199505,19.482244,15.890326,71.147194,104.642921
27/03/2017,31.066027,28.946888,82.707474,49.581657,153.891098,25.14049,19.384832,15.72591,70.504181,104.86515
28/03/2017,31.311493,28.928648,83.338348,49.672382,156.734192,25.337208,19.316645,15.890326,70.808289,104.642921
29/03/2017,31.350767,29.193207,83.835358,49.763111,156.322571,25.366714,19.267941,16.025726,71.208,104.980728
30/03/2017,31.409679,29.512505,84.055199,49.663311,157.614883,25.583107,19.199751,16.025726,71.338333,104.70517
31/03/2017,31.399858,29.503391,84.064751,49.518147,156.983109,25.602776,19.267941,15.832296,71.764114,104.811829
03/04/2017,31.232943,29.33005,83.730209,49.436497,156.466187,25.455236,19.170528,15.600179,71.972656,105.282448
04/04/2017,31.134752,30.187601,83.596405,49.581657,156.657639,25.435566,19.024412,15.716238,71.972656,105.006111
05/04/2017,31.01693,30.096373,83.395683,49.490932,156.523621,25.415895,19.034153,15.938683,72.076912,105.139847
06/04/2017,31.17403,30.205845,83.653755,49.490932,157.270294,25.504419,19.053635,15.764595,72.459244,105.237885
07/04/2017,31.075844,30.3062,83.405258,49.627018,156.81076,25.524092,19.073118,15.687223,72.563515,104.979378
10/04/2017,31.193668,30.506903,83.711113,49.772175,158.026535,25.612612,19.0926,15.377733,73.015358,105.175476
11/04/2017,31.606045,30.661991,83.644203,49.790333,157.385162,25.730639,19.248457,15.310034,73.519333,105.665718
12/04/2017,31.331127,30.780594,83.309662,49.980843,154.551651,25.396221,19.190012,15.193975,73.389,106.013344
13/04/2017,31.24276,30.497778,82.726601,49.754036,152.83812,25.199505,19.190012,15.300362,73.223885,106.191589
17/04/2017,31.704235,30.853573,83.577293,50.107861,154.810135,25.455236,19.170528,15.435763,74.110191,105.986565
18/04/2017,31.84169,30.917435,83.586845,50.334679,153.824081,25.445402,19.219234,15.010217,74.310051,106.610519
19/04/2017,31.812243,31.090767,83.663307,50.144154,154.599487,25.484743,18.985447,15.106932,74.205772,106.289619
20/04/2017,31.576595,30.963041,84.542664,50.044361,157.212845,25.691299,18.712694,15.387406,74.21447,106.138107
21/04/2017,31.645323,30.707607,84.351517,49.8992,157.385162,25.730639,18.790627,15.252005,73.945114,106.138107
24/04/2017,31.733692,30.953928,84.896332,50.352829,159.921921,26.015881,18.702955,15.339047,73.128311,105.995499
25/04/2017,31.625687,31.373577,85.565399,50.552422,159.452881,26.399481,18.897776,15.445436,73.432442,105.576569
26/04/2017,31.998798,31.537796,85.96685,50.144154,158.179688,26.468332,18.839329,15.522806,72.88504,105.83503
27/04/2017,32.116615,31.410067,86.425652,50.080643,158.505157,26.497839,19.014671,15.368063,72.693863,105.933098
28/04/2017,31.743507,31.026899,86.081558,50.062504,156.86824,26.281448,19.228975,15.387406,71.937904,106.057869
01/05/2017,31.723871,30.890066,86.196251,49.871983,156.408752,26.26178,19.491987,15.609851,72.363663,105.728981
02/05/2017,31.478409,31.045151,86.29184,49.536293,157.777649,26.15358,19.530949,15.532478,72.24202,106.041786
03/05/2017,31.439137,29.968649,85.78524,49.581657,157.528748,26.084736,19.725773,15.068245,71.277512,105.98819
04/05/2017,31.566776,29.266195,85.651436,49.962704,157.710632,26.104403,19.491987,15.09726,70.929947,105.782608
05/05/2017,31.674784,29.713211,86.186676,50.098797,158.543442,26.360136,19.472504,15.155289,71.599022,105.818359
08/05/2017,31.606045,29.996025,86.349174,50.080643,156.801239,26.301125,19.579657,14.981201,71.095032,105.630699
09/05/2017,32.038067,29.76795,86.846214,49.8992,157.480896,26.222437,19.45302,15.029559,70.712723,105.648552
10/05/2017,32.038067,29.667597,86.549896,49.93549,156.466187,26.212597,19.569914,14.971529,71.268822,105.791534
11/05/2017,32.057705,29.019873,86.03376,50.008068,155.987579,26.163424,19.482244,14.961859,70.912575,105.845169
12/05/2017,31.84169,29.494263,85.9095,49.862904,155.365311,26.006046,19.657583,14.981201,70.625816,106.381416
15/05/2017,32.19516,29.594608,85.928619,50.026211,156.447006,26.202763,19.501726,15.116603,70.834373,106.37249
16/05/2017,32.342442,29.658476,85.632301,49.980843,156.332169,26.242105,19.482244,15.145617,70.356461,106.524429
17/05/2017,31.606045,29.028997,84.246361,49.908264,151.517075,25.897852,19.628361,15.155289,70.643211,107.176819
18/05/2017,31.871157,29.184086,84.733841,49.944557,152.14888,25.858509,19.491987,15.068245,71.034225,107.158974
19/05/2017,32.371906,29.594608,85.307343,50.216732,153.259323,26.143749,19.71603,15.445436,71.416542,107.221535
22/05/2017,32.499538,29.7862,85.737457,50.497993,154.790985,26.232271,19.764738,15.455106,71.694595,107.132172
23/05/2017,32.136257,29.76795,85.412483,50.552422,155.652481,26.369974,19.501726,15.513137,71.755432,106.801483
24/05/2017,32.244259,29.685841,85.718338,50.752014,155.863113,26.3503,19.326387,15.445436,72.337608,106.971283
25/05/2017,32.19516,29.831806,86.47345,51.069561,158.265884,26.428989,19.37509,15.445436,72.346283,107.015953
26/05/2017,32.00861,29.749702,86.731499,51.260082,158.572128,26.399481,19.316645,15.41642,71.824944,107.096405
30/05/2017,31.910425,29.777075,86.798431,51.241936,158.304138,26.44866,19.355612,15.329377,71.373108,107.346649
31/05/2017,31.822062,29.822685,87.027832,51.387093,158.371109,26.458496,19.462763,15.300362,71.416542,107.471779
01/06/2017,32.263897,30.269711,87.849815,51.804436,160.381393,26.773243,19.443279,15.232661,71.790199,107.495094
02/06/2017,32.725372,30.634628,88.165245,51.958668,161.252533,26.950287,19.384832,15.164961,72.528778,107.996857
05/06/2017,32.391548,30.579887,87.92627,52.013119,160.946213,26.842096,19.414057,14.961859,72.215942,107.692223
06/06/2017,32.273708,30.680237,87.171188,51.886097,160.295258,26.399481,19.336128,14.90383,71.868378,108.005867
07/06/2017,32.381714,30.479534,87.324127,51.86795,161.319565,26.419153,19.511467,14.884486,72.372353,107.871429
08/06/2017,32.371906,30.570761,86.760185,51.477821,161.252533,26.517508,19.550432,15.039231,72.198563,107.683235
09/06/2017,32.430813,30.415678,86.377853,51.414314,161.175949,26.63554,19.61862,15.203648,72.70253,107.575699
12/06/2017,32.548637,30.908308,86.33007,51.405239,162.276825,26.566692,19.384832,15.000546,73.354233,107.602608
13/06/2017,33.108292,30.972168,86.865326,51.486893,163.43512,26.743736,19.316645,14.981201,73.519333,107.719086
14/06/2017,33.383217,30.899181,86.817528,51.813507,162.171539,26.783077,19.180269,14.90383,73.623604,108.45388
15/06/2017,33.029743,30.707607,86.45433,51.695564,162.516129,26.783077,19.199751,14.952187,73.997238,108.194016
16/06/2017,32.951195,30.643747,86.430351,51.1525,162.544861,26.839258,19.238716,14.961859,73.806068,108.283646
19/06/2017,33.265385,30.424799,87.091881,51.399349,163.636139,26.937824,19.063375,15.126275,73.814766,108.149208
20/06/2017,33.383217,29.877428,85.998924,51.198208,160.821762,26.74069,19.024412,15.068245,73.640976,108.391151
21/06/2017,33.235928,29.476017,86.133148,51.051933,160.61116,26.533709,18.771143,15.22299,73.493248,108.444931
22/06/2017,32.951195,29.512505,85.931801,50.713661,161.11853,26.474571,18.469166,15.300362,73.562775,108.534538
23/06/2017,32.980656,29.722338,85.82634,50.731945,162.391678,26.602703,18.556835,15.368063,73.818062,108.588287
26/06/2017,33.12793,29.76795,86.133148,50.933075,163.214966,26.651989,18.605543,15.40675,74.344368,108.785423
27/06/2017,32.912712,29.579807,85.452454,50.494236,162.229752,26.454855,18.566578,15.590509,73.677689,108.292603
28/06/2017,33.463047,29.992804,86.315308,50.677086,164.543915,26.622421,18.615284,15.629194,73.853142,108.409088
29/06/2017,32.824261,29.644051,85.481216,50.137684,163.881332,26.425287,18.868553,15.716238,73.011009,108.07753
30/06/2017,33.35495,29.607338,85.931801,50.229111,165.225677,26.582993,19.336128,15.841968,73.011009,107.987946
03/07/2017,33.237015,29.735826,85.845535,50.183392,166.627594,26.691414,19.61862,15.899998,73.940857,107.754311
05/07/2017,33.325462,29.478851,85.634605,50.14682,166.7332,26.61256,19.647842,15.774266,72.896973,107.934013
06/07/2017,33.010986,29.056673,84.762161,49.8634,165.523346,26.336578,19.540689,15.79361,71.528481,107.655487
07/07/2017,33.748058,29.047499,85.519547,49.835972,167.626236,26.543568,19.579657,15.774266,71.932022,107.565636
10/07/2017,34.082199,28.983252,85.701706,49.488564,167.232529,26.513998,19.599138,15.658209,71.274117,107.745346
11/07/2017,33.787373,28.515192,85.529137,49.351414,165.926605,26.474571,19.608879,15.803283,71.19516,107.790268
12/07/2017,33.83651,28.561081,86.181068,49.625698,167.914276,26.720982,19.589397,15.79361,72.072395,108.266441
13/07/2017,33.895473,28.450947,86.190674,49.634842,167.67421,26.74069,19.433538,15.822625,72.186417,108.077782
14/07/2017,33.95443,28.762987,86.468712,50.027966,168.423203,26.908257,19.550432,15.851639,72.879433,108.329361
17/07/2017,33.95443,28.900656,86.679626,50.082817,167.626236,26.9674,19.511467,15.929011,73.467155,108.428169
18/07/2017,33.531849,28.616142,87.072701,50.082817,166.502762,26.987106,19.443279,15.929011,73.30925,108.895378
19/07/2017,33.826675,28.873119,87.494568,50.265675,165.561737,27.184238,19.735514,15.754924,73.861893,108.859459
20/07/2017,33.443394,29.139277,87.312386,50.274822,163.948563,27.164528,19.725773,15.764595,73.519791,108.958267
21/07/2017,33.767712,29.341185,87.369934,50.357098,163.727692,27.203951,19.608879,15.841968,73.467155,109.209862
24/07/2017,33.630127,28.909834,87.072701,50.192528,162.940353,27.075817,19.345869,15.929011,73.326797,109.084068
25/07/2017,33.96426,29.221874,87.686302,50.539948,164.015793,26.918114,19.034153,16.257843,73.423302,108.437172
26/07/2017,33.70874,29.359541,87.647957,50.530804,163.89093,26.849117,19.199751,16.267515,73.932091,108.796562
27/07/2017,33.61047,29.72665,88.290314,51.024502,158.830566,26.78998,19.414057,16.209486,74.019806,108.526993
28/07/2017,33.384438,29.341185,87.619186,50.594807,159.435501,26.858974,19.423798,16.170799,73.818062,108.814537
31/07/2017,33.28616,29.276941,87.590431,50.576523,158.667343,26.829405,19.414057,16.22883,73.914536,108.814537
01/08/2017,33.826675,29.616518,87.743828,50.521664,158.081604,26.908257,19.141304,16.132114,74.247894,109.209106
02/08/2017,33.944614,29.616518,87.504135,50.485096,158.523285,26.868832,19.37509,16.257843,73.572426,109.037933
03/08/2017,33.875816,29.185165,87.264458,50.439381,159.166611,26.799835,19.219234,16.199814,73.423302,109.191071
04/08/2017,34.219784,29.90103,87.274033,50.302246,160.386124,26.918114,19.151045,16.22883,73.668907,108.767677
07/08/2017,34.190296,29.864313,87.47538,50.677086,160.69342,26.987106,19.190012,16.567331,73.589966,108.794701
08/08/2017,34.082199,29.836781,87.523323,50.485096,159.589142,26.937824,19.12182,16.867151,73.239075,108.272232
09/08/2017,34.101856,29.598162,87.015198,50.567379,159.589142,26.770264,19.004929,16.828465,72.993462,108.380302
10/08/2017,33.39426,29.249407,85.711319,50.357098,158.052811,26.316864,18.595802,16.79945,72.467125,108.344269
11/08/2017,33.502357,29.497206,86.152328,50.393673,158.820984,26.366148,18.702955,16.789778,72.019745,108.542496
14/08/2017,33.974098,29.90103,86.765915,50.640514,161.634445,26.720982,18.605543,16.780107,73.22155,108.470436
15/08/2017,33.875816,29.31365,85.970154,50.896511,162.095337,26.553423,18.449686,16.867151,73.002235,108.344269
16/08/2017,33.983925,29.524736,86.411179,51.070217,162.316177,26.701273,18.293827,17.486128,73.29171,108.650574
17/08/2017,33.345119,28.662033,85.030586,50.603943,158.446472,26.198591,18.176933,17.089594,72.835564,108.758659
18/08/2017,33.020805,28.671211,84.608757,50.466808,157.265411,26.238012,18.186674,17.370068,72.098701,108.686607
21/08/2017,33.040466,28.570255,84.762161,50.649658,157.889557,26.247873,18.099005,17.495798,72.870644,108.839745
22/08/2017,33.079773,28.873119,85.672958,50.658802,159.243469,26.543568,18.099005,17.466785,72.660126,108.731636
23/08/2017,32.686668,29.19434,84.944305,50.512524,157.130966,26.336578,18.001595,17.515144,73.405746,109.146065
24/08/2017,32.598217,29.111742,84.762161,49.817692,156.132339,26.169016,18.176933,17.611856,73.177681,108.938835
25/08/2017,32.932362,29.240231,84.973083,49.982254,157.918381,26.287296,18.167192,17.447443,73.528564,109.191071
28/08/2017,32.834087,29.267761,85.021019,49.835972,158.475281,26.257725,18.293827,17.592516,72.967148,109.191071
29/08/2017,32.765293,29.304474,84.944305,50.009682,159.915604,26.326723,18.001595,17.650543,72.888191,109.272156
30/08/2017,32.971668,29.084211,85.557899,50.000542,161.115875,26.415432,18.011335,17.582842,73.300484,109.362221
31/08/2017,33.502357,29.258585,85.960587,50.018829,161.327148,26.701273,18.15745,17.843975,73.721542,109.551376
01/09/2017,33.600639,29.680765,86.353645,50.256535,161.932083,26.780125,18.118488,18.008392,73.975945,109.117867
05/09/2017,33.364777,29.258585,85.998924,50.32967,160.357346,26.61256,18.303568,17.669888,73.774193,109.795265
06/09/2017,33.571159,28.680387,86.53582,50.539948,161.144699,26.78998,18.352274,17.795618,73.967178,109.406906
07/09/2017,33.472885,27.881926,85.78801,50.613094,161.922516,26.898403,18.264605,17.863316,74.440872,109.831398
08/09/2017,33.934776,27.716728,85.490776,50.366238,162.575424,27.085672,18.362015,17.370068,74.502289,109.506256
11/09/2017,34.180466,27.404686,85.941399,50.677086,164.284637,27.263092,18.342533,17.621529,75.186508,109.172073
12/09/2017,34.563747,27.863571,86.32489,50.786797,165.283279,27.341944,18.23538,17.563499,74.300514,109.054634
13/09/2017,34.20013,27.698376,86.948082,50.81422,165.139252,27.263092,18.362015,17.321712,74.107513,108.946251
14/09/2017,34.209957,27.597416,86.478302,50.713661,164.601501,27.351797,18.371758,17.205654,74.721596,109.217232
15/09/2017,34.190296,27.964523,86.235825,50.801979,161.317551,27.371513,18.566578,17.224997,74.861931,109.307549
18/09/2017,34.367195,27.753437,85.937569,50.87558,164.889603,27.510592,18.459427,17.408756,74.45842,109.199181
19/09/2017,34.514606,28.276569,85.860596,50.719177,164.783966,27.540186,18.391237,17.505472,73.967178,109.262383
20/09/2017,34.209957,28.203146,86.149254,50.231586,167.222931,27.757195,18.625027,17.669888,73.765411,109.126892
21/09/2017,34.288574,27.992058,86.004913,49.753189,167.578262,27.924879,18.566578,17.350727,73.625053,109.126892
22/09/2017,34.406502,28.377523,86.149254,49.605991,168.125519,28.112295,18.566578,17.447443,73.105721,109.2714
25/09/2017,34.563747,28.496836,85.966438,49.96479,168.317566,28.043247,18.40098,17.505472,73.53112,109.677872
26/09/2017,34.860809,28.269749,85.976067,50.084393,169.495743,28.023518,18.342533,17.399084,73.655182,109.659821
27/09/2017,35.10672,28.529276,86.447502,49.69799,170.410141,28.082705,18.488649,17.447443,72.990509,109.235298
28/09/2017,35.57888,28.455126,86.34166,49.69799,171.18985,28.053112,18.352274,17.640873,73.486801,109.397858
29/09/2017,35.942837,28.186329,86.668808,49.661186,171.73851,28.112295,18.488649,17.515144,73.637466,109.497246
02/10/2017,36.100224,28.520002,86.832367,49.569187,171.48822,28.477262,18.420462,17.650543,73.53112,109.599556
03/10/2017,36.483849,29.280048,87.19796,49.62439,172.681793,28.556177,18.430202,17.853645,73.424782,109.844063
04/10/2017,36.769112,29.567375,87.650177,49.780788,171.834747,28.674543,18.430202,17.88266,73.796982,109.780685
05/10/2017,36.660908,29.298584,88.140854,50.001583,171.48822,28.63509,18.556835,18.124449,74.062851,109.626732
06/10/2017,36.778942,29.094671,88.246696,49.504799,171.112839,28.684406,18.595802,17.911676,73.823578,109.536186
09/10/2017,36.769112,29.131746,87.967682,49.366795,170.795197,28.644949,18.469166,18.018061,74.000824,109.626732
10/10/2017,36.729767,29.196625,87.881065,49.799187,172.007996,28.625221,18.58606,18.134121,74.222389,109.699181
11/10/2017,36.89698,29.029789,87.929184,49.900387,172.710663,28.556177,18.605543,18.008392,74.470528,109.644821
12/10/2017,36.847797,28.760994,87.342285,50.111984,173.865738,28.674543,18.576319,18.153465,74.949089,109.671974
13/10/2017,36.808449,28.62196,87.76561,50.203979,172.06575,28.644949,18.644506,18.134121,75.144066,110.106705
16/10/2017,36.847797,28.603426,87.881065,50.222385,170.727814,28.684406,18.556835,18.201822,74.771858,109.952759
17/10/2017,36.828129,28.316092,87.929184,50.038383,170.09256,28.4674,18.430202,17.911676,74.860489,109.934647
18/10/2017,36.926498,28.343901,87.688652,49.97398,171.430481,28.556177,18.459427,17.902004,74.780708,109.771584
19/10/2017,37.546196,28.241941,87.688652,49.707188,171.209091,28.733725,18.625027,17.989046,74.559158,109.934647
20/10/2017,37.900314,28.325363,87.900322,49.587593,172.749176,28.921141,18.49839,17.911676,74.133759,109.635757
23/10/2017,37.919983,28.121449,87.303795,49.550785,172.113922,28.773184,18.556835,18.056747,73.850166,109.744446
24/10/2017,38.333122,27.963879,87.515457,49.375988,172.354507,28.763317,18.673733,18.19215,73.407051,109.472771
25/10/2017,38.097042,27.936073,87.178726,49.237999,169.726776,28.694265,18.66399,18.317881,73.194351,109.182953
26/10/2017,38.608543,28.112181,87.486618,49.274796,171.3246,28.950733,18.722435,18.308208,72.591713,109.173927
27/10/2017,38.716747,28.186329,88.900925,48.851589,172.056122,28.990185,18.771143,18.076092,72.919609,109.499939
30/10/2017,38.628216,27.574591,88.496857,48.437599,169.794128,28.753454,18.839329,18.095434,72.857582,109.86219
31/10/2017,39.11021,27.954609,88.506447,48.842396,169.043381,28.852093,18.936743,18.221165,72.848717,109.708214
01/11/2017,39.326618,27.500443,88.535332,48.998787,169.505356,28.891546,18.936743,18.279194,73.203217,109.881668
02/11/2017,38.372471,26.935049,87.871452,48.879196,169.428375,29.009918,18.907518,18.279194,73.823578,109.86351
03/11/2017,38.45116,26.406723,88.22744,48.888393,169.091476,29.00005,18.917259,18.19215,73.637466,109.990646
06/11/2017,38.883968,26.193544,88.872078,48.363998,168.658356,29.049376,18.936743,18.279194,74.133759,110.017876
07/11/2017,38.785606,26.13793,88.342903,48.906796,167.493622,28.950733,18.946484,17.902004,74.736397,109.927055
08/11/2017,39.228249,25.961824,88.439102,49.440392,166.839127,28.960598,18.868553,17.87299,75.10862,109.781776
09/11/2017,39.356121,25.869141,88.573799,49.431183,164.894745,28.763317,18.829588,17.81496,75.188377,109.491211
10/11/2017,39.365963,25.915478,88.872078,49.937187,164.711868,28.723864,18.858812,17.87299,75.268158,108.864662
13/11/2017,39.572529,25.702297,89.170334,50.222385,165.029526,28.773184,18.790627,17.989046,75.649231,108.88282
14/11/2017,39.985668,25.544731,89.247299,50.397175,164.567459,28.704134,18.634766,17.67956,75.489716,108.910057
15/11/2017,39.670898,25.600344,88.86245,49.86359,163.681961,28.625221,18.595802,17.6989,74.727539,109.373161
16/11/2017,39.838123,26.035973,89.603294,50.553577,166.425217,28.950733,18.566578,17.6989,75.347908,109.246025
17/11/2017,40.19223,26.36965,89.99778,50.37878,164.625259,28.911276,18.58606,17.824631,75.020004,109.382263
20/11/2017,40.487324,26.434534,90.170959,50.323586,165.241257,29.059237,18.508133,17.737587,74.798454,109.382263
21/11/2017,41.126709,26.684793,90.729004,50.489178,166.916092,29.305838,18.517874,17.950361,75.356781,109.745468
22/11/2017,41.136547,27.027735,90.81559,50.424782,167.031616,29.414337,18.673733,18.018061,75.188377,110.172234
24/11/2017,41.343113,27.009199,91.046486,50.387974,166.916092,29.315701,18.644506,18.172808,75.285866,110.04512
27/11/2017,41.136547,27.12042,91.113846,50.415577,166.37709,29.325563,18.634766,18.008392,74.931374,109.981552
28/11/2017,41.864452,27.426289,92.124069,50.829578,169.23587,29.759577,18.625027,17.756931,74.647781,110.135933
29/11/2017,42.307091,27.861923,92.518547,51.096371,175.001541,29.828627,18.771143,17.573172,74.674362,109.70005
30/11/2017,42.149708,27.936073,92.990005,51.565575,178.514862,30.09495,18.58606,17.553829,74.789566,109.572945
01/12/2017,42.444809,27.954609,92.951508,51.694366,177.04216,29.81876,18.566578,17.843975,74.96682,109.911621
04/12/2017,42.680889,27.936073,94.029106,52.181965,180.247437,29.838493,18.488649,17.68923,74.594612,110.084618
05/12/2017,41.893955,27.333599,93.490303,52.099163,177.735168,29.789171,18.362015,17.283026,73.974251,110.294022
06/12/2017,41.352955,26.638445,92.884155,52.430359,177.725525,29.690533,18.167192,17.147625,73.903343,110.503441
07/12/2017,41.756245,26.480877,93.124687,51.92437,180.131958,29.877945,18.001595,17.147625,74.089455,110.284904
08/12/2017,42.130039,26.833094,93.567284,52.062366,180.786484,29.887812,17.952888,17.195982,74.470528,110.148346
11/12/2017,41.903801,27.342873,93.769325,52.053169,180.334091,29.680666,17.826252,17.350727,74.461662,110.230309
12/12/2017,41.579193,27.389219,93.807793,52.062366,180.314835,29.582024,17.719103,17.37974,74.82502,110.148346
13/12/2017,41.559517,27.667278,93.884773,52.356766,180.834595,29.621487,17.777548,17.466785,74.949089,110.530739
14/12/2017,41.480816,27.213108,94.173416,52.126762,179.554413,29.26638,17.767805,17.621529,74.931374,110.731049
15/12/2017,41.893955,27.268721,94.580818,52.718082,180.680603,29.522844,17.855476,17.795618,75.401085,110.885818
18/12/2017,42.513664,27.58386,95.430367,52.690277,183.009964,29.822947,17.87496,17.824631,75.897385,110.558037
19/12/2017,42.115063,27.180729,95.304871,52.755165,183.227966,29.68474,17.894442,17.892332,74.284416,109.993568
20/12/2017,42.439846,27.358448,95.121452,52.662472,184.954498,29.763714,17.972372,18.085764,73.424782,109.702232
21/12/2017,42.863068,27.498745,95.739304,52.625401,185.022079,29.84269,17.991852,18.201822,73.140366,109.997841
22/12/2017,42.685909,27.573568,95.555878,52.708817,185.784042,29.68474,17.933405,18.395254,73.644371,110.079948
26/12/2017,42.87291,27.667103,95.768272,52.829308,185.687576,29.773588,18.089264,18.424265,74.013351,110.225929
27/12/2017,42.971336,27.592274,95.575195,52.82003,186.111984,29.84269,18.186674,18.627369,74.256348,110.837273
28/12/2017,43.227238,27.751286,95.835846,52.736626,185.542923,29.971029,18.23538,18.801458,74.652321,110.764236
29/12/2017,43.030392,27.508097,95.275917,52.727352,184.838806,29.882181,18.274345,18.772442,74.679329,110.910225
02/01/2018,43.207546,27.657751,96.72403,52.402958,188.147217,29.892054,18.478909,18.820799,74.40033,110.171188
03/01/2018,44.319721,27.358448,97.168121,52.384426,188.349792,29.990767,18.469166,18.627369,74.184341,110.37191
04/01/2018,43.975246,27.508097,97.486694,52.532711,189.005676,30.050001,18.439943,18.733757,72.906395,110.335426
05/01/2018,44.585464,27.395857,98.259018,52.76442,189.912384,30.119102,18.342533,18.540325,72.94239,110.29892
08/01/2018,44.703568,27.601633,98.374863,52.89418,191.44603,30.35603,18.215899,18.511309,73.320366,110.289803
09/01/2018,44.68388,27.339743,98.56794,52.82003,191.812561,30.395515,18.254864,18.395254,72.37542,109.888344
10/01/2018,44.004772,26.993664,98.500366,52.560516,191.995804,30.138847,18.186674,18.511309,71.565445,109.961349
11/01/2018,44.929943,27.339743,100.102936,52.486374,196.548553,30.553469,18.118488,18.540325,71.322441,110.225929
12/01/2018,44.988995,27.639042,101.396576,52.504921,198.053268,30.632442,18.079521,18.714413,70.746475,110.244179
16/01/2018,44.260666,27.255558,100.672523,52.745888,195.333191,30.464621,18.060041,18.627369,70.881462,110.344528
17/01/2018,45.126785,27.246206,101.155228,53.348335,195.950516,30.632442,18.206158,18.530653,71.37645,110.043449
18/01/2018,44.782307,27.105906,101.068359,53.190765,196.066284,30.573212,18.196417,18.646713,70.458481,109.614624
19/01/2018,45.333473,27.311678,101.946869,53.783932,196.780029,30.928595,18.147711,18.608027,70.836464,109.277031
22/01/2018,45.520481,27.788698,103.076393,54.191746,197.667465,30.938471,18.206158,18.76277,71.484444,109.176689
23/01/2018,45.402367,27.433273,103.945259,54.015644,197.339478,30.810137,18.13797,18.56934,72.474411,109.651115
24/01/2018,45.254742,27.489391,104.389343,54.126869,194.494049,30.987827,18.313309,18.869156,72.09642,109.578156
25/01/2018,44.290195,27.582924,104.205925,54.154667,191.426727,31.155651,18.254864,18.801458,71.970421,110.134689
26/01/2018,44.122879,27.807405,105.22924,54.414185,193.394424,31.343218,18.40098,18.907843,71.718422,109.988708
29/01/2018,42.902431,27.601633,104.939629,54.201012,193.162964,31.126036,18.420462,18.936857,70.75547,109.69677
30/01/2018,42.626854,27.629696,104.41832,53.83955,190.548981,30.898979,18.449686,18.878828,70.242477,109.32267
31/01/2018,42.203636,27.639042,104.080421,53.589306,190.65509,30.780521,18.342533,18.907843,71.502434,109.550774
01/02/2018,42.065842,27.610987,102.921921,53.357594,189.584442,30.938471,18.508133,19.072258,69.963501,109.066826
02/02/2018,40.776505,27.14332,101.93721,52.338085,185.513992,30.484364,18.478909,18.849813,69.36953,108.508781
05/02/2018,39.093483,26.095747,98.500366,50.438084,179.929169,29.181273,18.352274,18.849813,67.308594,108.5728
06/02/2018,40.4025,26.236048,101.020081,50.994179,182.890335,29.319483,18.488649,18.724085,67.317612,108.353256
07/02/2018,40.353287,26.348288,100.711143,50.771736,183.401611,29.220762,18.469166,18.327553,67.029602,108.051353
08/02/2018,38.709633,25.356834,96.695068,49.678078,176.437454,28.361908,18.371758,18.308208,65.103653,107.584793
09/02/2018,38.837585,25.42231,97.341888,49.780029,176.15773,28.52973,18.33279,18.124449,66.732605,107.237152
12/02/2018,39.408436,25.759029,98.664474,50.289787,178.964584,29.072687,18.449686,18.230835,66.759598,107.237152
13/02/2018,39.408436,25.730967,99.176163,50.521492,180.305344,29.201019,18.449686,18.540325,67.227592,107.200539
14/02/2018,40.117077,25.843206,100.759422,50.493694,181.964401,29.516918,18.517874,18.975544,66.741608,106.80719
15/02/2018,40.107239,26.366993,101.657249,51.327839,183.305099,29.852566,18.625027,18.9562,67.38958,107.310326
16/02/2018,40.619026,26.582117,101.164886,51.531738,182.629959,29.941408,18.478909,19.043243,67.75856,107.630524
20/02/2018,40.077709,26.338936,100.855957,50.363941,179.803772,29.753843,18.488649,18.888502,66.957596,107.173103
21/02/2018,39.890701,25.79644,100.711143,49.76149,180.401794,29.852566,18.439943,18.888502,65.634659,106.587593
22/02/2018,39.615116,25.525198,100.836647,49.891251,181.539978,29.872309,18.547098,18.927187,66.38163,106.733986
23/02/2018,39.762749,26.451172,102.24614,50.373203,184.202164,30.19808,18.605543,18.724085,67.443588,107.227997
26/02/2018,39.841488,26.6663,103.105354,50.688332,187.510605,30.435003,18.644506,18.76277,67.632568,107.365211
27/02/2018,38.827744,26.320227,100.923531,50.021008,183.295456,30.138847,18.605543,18.637039,66.05764,106.898636
28/02/2018,37.705719,26.114454,100.469795,49.501984,180.710464,29.67487,18.673733,18.404924,66.012634,107.099915
01/03/2018,37.833664,26.217342,99.388527,49.390762,180.064163,29.210894,18.956224,18.38558,66.07563,106.989822
02/03/2018,37.971462,26.236048,99.485092,49.807838,180.102814,29.260246,18.888035,18.308208,66.048653,106.650375
05/03/2018,38.325771,26.55406,100.672523,50.243446,180.430725,29.516918,19.12182,18.172808,66.795616,106.61367
06/03/2018,39.044266,26.787891,101.367622,50.280521,181.906509,29.753843,19.082859,18.230835,67.110603,106.705429
07/03/2018,39.054111,26.862722,100.682182,49.826374,181.308502,30.099361,18.917259,18.037405,67.52459,106.668724
08/03/2018,38.876945,26.844011,101.000771,50.280521,182.301987,30.217821,18.975704,17.88266,67.650574,106.879738
09/03/2018,39.546223,26.815954,102.56472,50.604916,187.153732,30.869368,18.849072,18.163136,68.019562,106.503586
12/03/2018,39.792282,26.526003,102.902611,50.51223,186.671432,30.820007,18.878294,17.902004,68.316551,106.641205
13/03/2018,40.018654,26.366993,102.178566,50.475151,187.481674,30.770645,18.888035,18.076092,68.379555,106.650375
14/03/2018,39.477325,26.395052,102.05307,49.965401,184.279343,30.642315,18.897776,17.931019,68.442551,106.888908
15/03/2018,38.985214,26.105099,101.946869,49.613197,184.74231,30.701546,18.780884,17.911676,68.424545,106.998985
16/03/2018,39.319843,26.656944,101.840355,49.630913,186.382111,30.997704,18.693213,17.902004,68.901535,107.118256
19/03/2018,39.132847,26.273458,100.571968,49.146255,185.677933,30.760777,18.352274,17.853645,68.307564,106.760452
20/03/2018,38.945847,26.245399,101.172256,49.006451,186.430298,30.879242,18.313309,17.621529,68.073563,106.384323
21/03/2018,39.58559,26.189281,101.09481,48.400627,185.649017,30.800262,18.362015,17.843975,67.569572,106.320099
22/03/2018,38.736179,25.681311,98.945297,47.999851,180.35376,30.099361,18.362015,17.602188,67.173599,106.503586
23/03/2018,38.322304,25.191238,96.99913,47.403347,176.898453,29.487303,18.381498,17.466785,65.976639,106.164154
26/03/2018,39.258438,25.653034,99.865143,48.083733,180.673172,30.079617,18.32305,17.602188,66.727234,106.540283
27/03/2018,38.627785,25.313763,97.909271,48.055775,177.256577,29.7341,18.215899,17.602188,66.981682,106.925606
28/03/2018,38.420853,25.144123,96.71833,48.717518,177.421082,29.68474,18.206158,17.602188,68.662811,107.209999
29/03/2018,38.913548,25.464548,98.073883,49.053051,181.021606,30.079617,18.32305,17.602188,68.581039,107.696228
02/04/2018,37.583256,24.983908,95.304688,47.850723,177.421082,29.388584,18.225639,17.621529,67.654121,107.638268
03/04/2018,38.154793,25.144123,96.514992,48.484505,180.92482,29.803204,18.118488,17.660215,68.226624,107.353035
04/04/2018,39.928505,25.483397,98.286888,49.239468,180.740936,29.9809,18.06978,17.563499,68.944511,107.353035
05/04/2018,40.618298,25.690735,99.603706,49.360622,181.941101,30.247437,18.33279,17.640873,68.917244,107.389877
06/04/2018,39.632896,25.323185,97.483238,48.857315,176.58873,29.546535,18.23538,17.68923,68.399277,107.711914
09/04/2018,39.189461,25.351456,97.250877,48.829365,176.095139,29.655128,18.49839,17.863316,68.181183,107.767082
10/04/2018,39.416103,26.001738,98.432144,48.941204,177.90506,30.040129,18.40098,18.337221,68.10849,107.794701
11/04/2018,38.844574,25.973467,98.131973,48.848,177.372726,29.941408,18.410721,18.346893,68.253891,107.868294
12/04/2018,38.489819,26.124249,98.558006,48.773438,180.256989,30.050001,18.478909,18.037405,67.490562,107.573883
13/04/2018,38.519382,25.954617,98.006104,49.015766,180.46022,30.079617,18.420462,18.027733,67.844963,107.610664
16/04/2018,38.893841,26.03001,98.741966,49.547028,184.689865,30.444876,18.362015,18.424265,68.262978,107.619888
17/04/2018,39.317562,26.444679,100.581627,49.658871,184.302704,30.790394,18.352274,18.588682,69.062653,107.629066
18/04/2018,39.534355,26.416407,101.056076,49.286064,187.564438,30.958214,18.556835,19.236673,68.917244,107.077026
19/04/2018,38.391285,26.29389,100.736557,47.860043,185.899689,30.820007,18.508133,18.936857,67.917656,106.672218
20/04/2018,37.908436,26.209068,99.710213,47.058495,184.080093,30.741034,18.362015,18.965874,67.290642,106.239799
23/04/2018,38.036537,26.190224,99.923218,47.002567,184.873734,30.681801,18.303568,18.375908,67.236115,106.193756
24/04/2018,37.72121,26.237345,98.344986,46.704319,181.118378,29.971029,18.439943,18.288866,67.490562,105.880943
25/04/2018,38.105515,26.246773,98.75164,46.7882,183.005737,29.951284,18.566578,18.172808,67.363335,105.549728
26/04/2018,38.667198,26.086554,100.349258,47.06781,181.592636,30.050001,18.478909,18.25985,68.244797,105.862549
27/04/2018,38.765739,26.29389,100.804321,47.319466,183.905853,30.069742,18.722435,18.008392,69.417053,106.101753
30/04/2018,37.869022,25.81325,100.407356,47.02121,181.670059,29.694614,18.751659,18.008392,69.144432,106.009766
01/05/2018,38.361729,25.587067,100.5429,46.611111,181.050629,29.743975,18.975704,17.902004,69.771446,105.722809
02/05/2018,37.859165,25.426853,99.855446,45.697712,179.240707,29.566282,18.819849,18.114779,69.517014,105.639755
03/05/2018,38.1745,25.417427,99.410057,45.651112,178.834213,29.526789,19.034153,17.979376,69.471573,105.658211
04/05/2018,38.578514,25.587067,100.717178,46.312862,180.92482,29.832817,18.819849,18.211493,70.234901,105.805824
07/05/2018,38.578514,25.737854,101.056076,46.023933,180.663498,29.941408,18.654249,18.172808,70.707428,105.685898
08/05/2018,38.736179,25.671885,100.630051,45.837528,182.028198,30.020386,18.693213,18.240509,70.35302,105.648987
09/05/2018,38.026691,25.568214,100.978622,45.902775,183.179977,30.158592,18.547098,18.230835,70.825562,105.630539
10/05/2018,38.194199,25.822672,101.34655,46.173061,185.018936,30.425135,18.556835,18.230835,71.37989,106.16568
11/05/2018,38.401142,25.907492,101.559563,46.173061,186.964355,30.425135,18.459427,18.172808,71.134521,106.350235
14/05/2018,38.1745,25.794401,101.753204,46.154419,185.957779,30.286924,18.362015,18.182476,70.525696,106.156479
15/05/2018,36.72596,25.690735,101.16259,45.977337,185.183487,29.862434,18.264605,18.163136,69.380699,105.353729
16/05/2018,36.942749,25.728428,102.004951,46.303551,186.780426,29.9809,18.284088,18.143791,69.171692,105.215309
17/05/2018,37.36647,25.568214,101.666069,46.46199,187.506378,29.931538,18.176933,18.124449,68.826385,105.012329
18/05/2018,37.898579,25.521093,101.540207,46.173061,187.380554,30.079617,18.381498,18.076092,68.917244,105.445992
21/05/2018,38.056252,25.81325,102.101784,46.368786,189.751846,30.405388,18.49839,18.182476,69.7351,105.51059
22/05/2018,37.169392,25.794401,101.646706,46.284908,187.467636,30.237566,18.605543,18.056747,69.835052,105.399887
23/05/2018,37.750774,25.756702,102.382568,46.452671,187.332138,30.227695,18.790627,18.008392,70.534782,105.85199
24/05/2018,37.790188,25.700159,102.605263,46.41539,189.490494,30.425135,18.732178,18.047077,70.389366,106.147247
25/05/2018,38.371571,25.66246,102.760185,46.489956,190.303513,30.257307,18.858812,18.037405,70.634727,106.460968
29/05/2018,38.489819,25.558792,101.966225,46.387432,187.641876,30.14872,18.722435,17.979376,70.970955,107.023804
30/05/2018,38.332165,25.64361,102.895752,47.039852,190.593872,30.484364,18.732178,18.163136,71.934189,106.608604
31/05/2018,37.918293,25.417427,102.401947,46.284908,187.864487,30.069742,18.712694,18.153465,71.68885,106.562462
01/06/2018,38.075954,25.709585,103.157173,46.284908,190.351913,30.237566,18.644506,18.143791,72.006897,106.357925
04/06/2018,38.342018,25.76613,104.309395,46.667034,188.977554,30.31654,18.196417,18.356565,72.633911,106.117279
,,,,,,,,,,
,,,,,,,,,,
,,,,,,,,,,
,,,,,,,,,,
,,,,,,,,,,
,,,,,,,,,,
,,,,,,,,,,
,,,,,,,,,,
,,,,,,,,,,
,,,,,,,,,,
,,,,,,,,,,
,,,,,,,,,,
,,,,,,,,,,
,,,,,,,,,,
,,,,,,,,,,
,,,,,,,,,,
,,,,,,,,,,
,,,,,,,,,,
,,,,,,,,,,
,,,,,,,,,,
,,,,,,,,,,
,,,,,,,,,,
,,,,,,,,,,
,,,,,,,,,,
,,,,,,,,,,
,,,,,,,,,,
,,,,,,,,,,
,,,,,,,,,,
,,,,,,,,,,
,,,,,,,,,,
,,,,,,,,,,
,,,,,,,,,,
,,,,,,,,,,
,,,,,,,,,,
,,,,,,,,,,
,,,,,,,,,,
,,,,,,,,,,
,,,,,,,,,,
,,,,,,,,,,
,,,,,,,,,,
,,,,,,,,,,
,,,,,,,,,,
,,,,,,,,,,
,,,,,,,,,,
,,,,,,,,,,
,,,,,,,,,,
,,,,,,,,,,
,,,,,,,,,,
,,,,,,,,,,
,,,,,,,,,,
,,,,,,,,,,
,,,,,,,,,,
,,,,,,,,,,
,,,,,,,,,,
,,,,,,,,,,
,,,,,,,,,,
,,,,,,,,,,
,,,,,,,,,,
,,,,,,,,,,
,,,,,,,,,,
,,,,,,,,,,
,,,,,,,,,,
,,,,,,,,,,
,,,,,,,,,,
,,,,,,,,,,
,,,,,,,,,,
,,,,,,,,,,
,,,,,,,,,,
,,,,,,,,,,
,,,,,,,,,,
,,,,,,,,,,
,,,,,,,,,,
,,,,,,,,,,
,,,,,,,,,,
,,,,,,,,,,
,,,,,,,,,,
,,,,,,,,,,
,,,,,,,,,,
,,,,,,,,,,
,,,,,,,,,,
,,,,,,,,,,
,,,,,,,,,,
,,,,,,,,,,
,,,,,,,,,,
,,,,,,,,,,
,,,,,,,,,,
,,,,,,,,,,
,,,,,,,,,,
,,,,,,,,,,
,,,,,,,,,,
,,,,,,,,,,
,,,,,,,,,,
,,,,,,,,,,
,,,,,,,,,,
,,,,,,,,,,
,,,,,,,,,,
,,,,,,,,,,
,,,,,,,,,,
,,,,,,,,,,
,,,,,,,,,,
,,,,,,,,,,
,,,,,,,,,,
,,,,,,,,,,
,,,,,,,,,,
,,,,,,,,,,
,,,,,,,,,,
,,,,,,,,,,
,,,,,,,,,,
,,,,,,,,,,
,,,,,,,,,,
,,,,,,,,,,
,,,,,,,,,,
,,,,,,,,,,
,,,,,,,,,,
,,,,,,,,,,
,,,,,,,,,,
,,,,,,,,,,
,,,,,,,,,,
,,,,,,,,,,
,,,,,,,,,,
,,,,,,,,,,
,,,,,,,,,,
,,,,,,,,,,
,,,,,,,,,,
,,,,,,,,,,
,,,,,,,,,,
,,,,,,,,,,
,,,,,,,,,,
,,,,,,,,,,
,,,,,,,,,,
,,,,,,,,,,
,,,,,,,,,,
,,,,,,,,,,
,,,,,,,,,,
,,,,,,,,,,
,,,,,,,,,,
,,,,,,,,,,
,,,,,,,,,,
,,,,,,,,,,
,,,,,,,,,,
,,,,,,,,,,
,,,,,,,,,,
,,,,,,,,,,
,,,,,,,,,,
,,,,,,,,,,
,,,,,,,,,,
,,,,,,,,,,
,,,,,,,,,,
,,,,,,,,,,
,,,,,,,,,,
,,,,,,,,,,
,,,,,,,,,,
,,,,,,,,,,
,,,,,,,,,,
,,,,,,,,,,
,,,,,,,,,,
,,,,,,,,,,
,,,,,,,,,,
,,,,,,,,,,
,,,,,,,,,,
,,,,,,,,,,
,,,,,,,,,,
,,,,,,,,,,
,,,,,,,,,,
,,,,,,,,,,
,,,,,,,,,,
,,,,,,,,,,
,,,,,,,,,,
,,,,,,,,,,
,,,,,,,,,,
,,,,,,,,,,
,,,,,,,,,,
,,,,,,,,,,
,,,,,,,,,,
,,,,,,,,,,
,,,,,,,,,,
,,,,,,,,,,
,,,,,,,,,,
,,,,,,,,,,
,,,,,,,,,,
,,,,,,,,,,
,,,,,,,,,,
,,,,,,,,,,
,,,,,,,,,,
,,,,,,,,,,
,,,,,,,,,,
,,,,,,,,,,
,,,,,,,,,,
,,,,,,,,,,
,,,,,,,,,,
,,,,,,,,,,
,,,,,,,,,,
,,,,,,,,,,
,,,,,,,,,,
,,,,,,,,,,
,,,,,,,,,,
,,,,,,,,,,
,,,,,,,,,,
,,,,,,,,,,
,,,,,,,,,,
,,,,,,,,,,
,,,,,,,,,,
,,,,,,,,,,
,,,,,,,,,,
,,,,,,,,,,
,,,,,,,,,,
,,,,,,,,,,
,,,,,,,,,,
,,,,,,,,,,
,,,,,,,,,,
,,,,,,,,,,
,,,,,,,,,,
,,,,,,,,,,
,,,,,,,,,,
,,,,,,,,,,
,,,,,,,,,,
,,,,,,,,,,
,,,,,,,,,,
,,,,,,,,,,
,,,,,,,,,,
,,,,,,,,,,
,,,,,,,,,,
,,,,,,,,,,
,,,,,,,,,,
,,,,,,,,,,
,,,,,,,,,,
,,,,,,,,,,
,,,,,,,,,,
,,,,,,,,,,
,,,,,,,,,,
,,,,,,,,,,
,,,,,,,,,,
,,,,,,,,,,
,,,,,,,,,,
,,,,,,,,,,
,,,,,,,,,,
,,,,,,,,,,
,,,,,,,,,,
,,,,,,,,,,
,,,,,,,,,,
,,,,,,,,,,
,,,,,,,,,,
,,,,,,,,,,
,,,,,,,,,,
,,,,,,,,,,
,,,,,,,,,,
,,,,,,,,,,
,,,,,,,,,,
,,,,,,,,,,
,,,,,,,,,,
,,,,,,,,,,
,,,,,,,,,,
,,,,,,,,,,
,,,,,,,,,,
,,,,,,,,,,
,,,,,,,,,,
,,,,,,,,,,
,,,,,,,,,,
,,,,,,,,,,
,,,,,,,,,,
,,,,,,,,,,
,,,,,,,,,,
,,,,,,,,,,
,,,,,,,,,,
,,,,,,,,,,
,,,,,,,,,,
,,,,,,,,,,
,,,,,,,,,,
,,,,,,,,,,
,,,,,,,,,,
,,,,,,,,,,
,,,,,,,,,,
,,,,,,,,,,
,,,,,,,,,,
,,,,,,,,,,
,,,,,,,,,,
,,,,,,,,,,
,,,,,,,,,,
,,,,,,,,,,
,,,,,,,,,,
,,,,,,,,,,
,,,,,,,,,,
,,,,,,,,,,
,,,,,,,,,,
,,,,,,,,,,
,,,,,,,,,,
,,,,,,,,,,
,,,,,,,,,,
,,,,,,,,,,
,,,,,,,,,,
,,,,,,,,,,
,,,,,,,,,,
,,,,,,,,,,
,,,,,,,,,,
,,,,,,,,,,
,,,,,,,,,,
,,,,,,,,,,
,,,,,,,,,,
,,,,,,,,,,
,,,,,,,,,,
,,,,,,,,,,
,,,,,,,,,,
,,,,,,,,,,
,,,,,,,,,,
,,,,,,,,,,
,,,,,,,,,,
,,,,,,,,,,
,,,,,,,,,,
,,,,,,,,,,
,,,,,,,,,,
,,,,,,,,,,
,,,,,,,,,,
,,,,,,,,,,
,,,,,,,,,,
,,,,,,,,,,
,,,,,,,,,,
,,,,,,,,,,
,,,,,,,,,,
,,,,,,,,,,
,,,,,,,,,,
,,,,,,,,,,
,,,,,,,,,,
,,,,,,,,,,
,,,,,,,,,,
,,,,,,,,,,
,,,,,,,,,,
,,,,,,,,,,
,,,,,,,,,,
,,,,,,,,,,
,,,,,,,,,,
,,,,,,,,,,
,,,,,,,,,,
,,,,,,,,,,
,,,,,,,,,,
,,,,,,,,,,
,,,,,,,,,,
,,,,,,,,,,
,,,,,,,,,,
,,,,,,,,,,
,,,,,,,,,,
,,,,,,,,,,
,,,,,,,,,,
,,,,,,,,,,
,,,,,,,,,,
,,,,,,,,,,
,,,,,,,,,,
,,,,,,,,,,
,,,,,,,,,,
,,,,,,,,,,
,,,,,,,,,,
,,,,,,,,,,
,,,,,,,,,,
,,,,,,,,,,
,,,,,,,,,,
,,,,,,,,,,
,,,,,,,,,,
,,,,,,,,,,
,,,,,,,,,,
,,,,,,,,,,
,,,,,,,,,,
,,,,,,,,,,
,,,,,,,,,,
,,,,,,,,,,
,,,,,,,,,,
,,,,,,,,,,
,,,,,,,,,,
,,,,,,,,,,
,,,,,,,,,,
,,,,,,,,,,
,,,,,,,,,,
,,,,,,,,,,
,,,,,,,,,,
,,,,,,,,,,
,,,,,,,,,,
,,,,,,,,,,
,,,,,,,,,,
,,,,,,,,,,
,,,,,,,,,,
,,,,,,,,,,
,,,,,,,,,,
,,,,,,,,,,
,,,,,,,,,,
,,,,,,,,,,
,,,,,,,,,,
,,,,,,,,,,
,,,,,,,,,,
,,,,,,,,,,
,,,,,,,,,,
,,,,,,,,,,
,,,,,,,,,,
,,,,,,,,,,
,,,,,,,,,,
,,,,,,,,,,
,,,,,,,,,,
,,,,,,,,,,
,,,,,,,,,,
,,,,,,,,,,
,,,,,,,,,,
,,,,,,,,,,
,,,,,,,,,,
,,,,,,,,,,
,,,,,,,,,,
,,,,,,,,,,
,,,,,,,,,,
,,,,,,,,,,
,,,,,,,,,,
,,,,,,,,,,
,,,,,,,,,,
,,,,,,,,,,
,,,,,,,,,,
,,,,,,,,,,
,,,,,,,,,,
,,,,,,,,,,
,,,,,,,,,,
,,,,,,,,,,
,,,,,,,,,,
,,,,,,,,,,
,,,,,,,,,,
,,,,,,,,,,
,,,,,,,,,,
,,,,,,,,,,
,,,,,,,,,,
,,,,,,,,,,
,,,,,,,,,,
,,,,,,,,,,
,,,,,,,,,,
,,,,,,,,,,
,,,,,,,,,,
,,,,,,,,,,
,,,,,,,,,,
,,,,,,,,,,
,,,,,,,,,,
,,,,,,,,,,
,,,,,,,,,,
,,,,,,,,,,
,,,,,,,,,,
,,,,,,,,,,
,,,,,,,,,,
,,,,,,,,,,
,,,,,,,,,,
,,,,,,,,,,
,,,,,,,,,,
,,,,,,,,,,
,,,,,,,,,,
,,,,,,,,,,
,,,,,,,,,,
,,,,,,,,,,
,,,,,,,,,,
,,,,,,,,,,
,,,,,,,,,,
,,,,,,,,,,
,,,,,,,,,,
,,,,,,,,,,
,,,,,,,,,,
,,,,,,,,,,
,,,,,,,,,,
,,,,,,,,,,
,,,,,,,,,,
,,,,,,,,,,
,,,,,,,,,,
,,,,,,,,,,
,,,,,,,,,,
,,,,,,,,,,
,,,,,,,,,,
,,,,,,,,,,
,,,,,,,,,,
,,,,,,,,,,
,,,,,,,,,,
,,,,,,,,,,
,,,,,,,,,,
,,,,,,,,,,
,,,,,,,,,,
,,,,,,,,,,
,,,,,,,,,,
,,,,,,,,,,
,,,,,,,,,,
,,,,,,,,,,
,,,,,,,,,,
,,,,,,,,,,
,,,,,,,,,,
,,,,,,,,,,
,,,,,,,,,,
,,,,,,,,,,
,,,,,,,,,,
,,,,,,,,,,
,,,,,,,,,,
,,,,,,,,,,
,,,,,,,,,,
,,,,,,,,,,
,,,,,,,,,,
,,,,,,,,,,
,,,,,,,,,,
,,,,,,,,,,
,,,,,,,,,,
,,,,,,,,,,
,,,,,,,,,,
,,,,,,,,,,
,,,,,,,,,,
,,,,,,,,,,
,,,,,,,,,,
,,,,,,,,,,
,,,,,,,,,,
,,,,,,,,,,
,,,,,,,,,,
,,,,,,,,,,
,,,,,,,,,,
,,,,,,,,,,
,,,,,,,,,,
,,,,,,,,,,
,,,,,,,,,,
,,,,,,,,,,
,,,,,,,,,,
,,,,,,,,,,
,,,,,,,,,,
,,,,,,,,,,
,,,,,,,,,,
,,,,,,,,,,
,,,,,,,,,,
,,,,,,,,,,
,,,,,,,,,,
,,,,,,,,,,
,,,,,,,,,,
,,,,,,,,,,
,,,,,,,,,,
,,,,,,,,,,
,,,,,,,,,,
,,,,,,,,,,
,,,,,,,,,,
,,,,,,,,,,
,,,,,,,,,,
,,,,,,,,,,
,,,,,,,,,,
,,,,,,,,,,
,,,,,,,,,,
,,,,,,,,,,
,,,,,,,,,,
,,,,,,,,,,
,,,,,,,,,,
,,,,,,,,,,
,,,,,,,,,,
,,,,,,,,,,
,,,,,,,,,,
,,,,,,,,,,
,,,,,,,,,,
,,,,,,,,,,
,,,,,,,,,,
,,,,,,,,,,
,,,,,,,,,,
,,,,,,,,,,
,,,,,,,,,,
,,,,,,,,,,
,,,,,,,,,,
,,,,,,,,,,
,,,,,,,,,,
,,,,,,,,,,
,,,,,,,,,,
,,,,,,,,,,
,,,,,,,,,,
,,,,,,,,,,
,,,,,,,,,,
,,,,,,,,,,
,,,,,,,,,,
,,,,,,,,,,
,,,,,,,,,,
,,,,,,,,,,
,,,,,,,,,,
,,,,,,,,,,
,,,,,,,,,,
,,,,,,,,,,
,,,,,,,,,,
,,,,,,,,,,
,,,,,,,,,,
,,,,,,,,,,
,,,,,,,,,,
,,,,,,,,,,
,,,,,,,,,,
,,,,,,,,,,
,,,,,,,,,,
,,,,,,,,,,
,,,,,,,,,,
,,,,,,,,,,
,,,,,,,,,,
,,,,,,,,,,
,,,,,,,,,,
,,,,,,,,,,
,,,,,,,,,,
,,,,,,,,,,
,,,,,,,,,,
,,,,,,,,,,
,,,,,,,,,,
,,,,,,,,,,
,,,,,,,,,,
,,,,,,,,,,
,,,,,,,,,,
,,,,,,,,,,
,,,,,,,,,,
,,,,,,,,,,
,,,,,,,,,,
,,,,,,,,,,
